Year,Month,Fieldwork,,Published,Polling,,Con,,Lab,,LD,,Green,,BXP/Reform,,Ukip,
2019,Dec,13-14,13/12/19,17,YouGov,,,,,,,,,,,,,
,Dec,14-16,14/12/19,,YouGov,,,,,,,,,,,,,
,Dec,21-23,21/12/19,,YouGov,,,,,,,,,,,,,
,Dec,28-30,28/12/19,,YouGov,,,,,,,,,,,,,
2020,Jan,4-6,4/1/20,,YouGov,,,,,,,,,,,,,
2020,Jan,5-6,5/1/20,,YouGov,,,,,,,,,,,,,
2020,Jan,8-10,8/1/20,13,BMG,Ind,44.0,,29.0,,11.0,,5.0,,4.0,,2.0,
2020,Jan,11-13,11/1/20,,YouGov,,,,,,,,,,,,,
2020,Jan,15-17,15/1/20,18,Opinium,Ob,47.0,,30.0,,9.0,,4.0,,3.0,,0.0,
2020,Jan,18-20,18/1/20,24,YouGov,,,,,,,,,,,,,
2020,Jan,23-24,23/1/20,,YouGov,,,,,,,,,,,,,
2020,Jan,24-26,24/1/20,28,YouGov,TT,49.0,,29.0,,10.0,,4.0,,2.0,,,
2020,Jan,25-27,25/1/20,,YouGov,,,,,,,,,,,,,
2020,Jan,28-29,28/1/20,,Ipsos,,,,,,,,,,,,,
2020,Jan,30-31,30/1/20,31,Survation,,44.0,,33.0,,10.0,,3.0,,3.0,,,
2020,Jan,31-2,31/1/20,5,YouGov,TT,49.0,0.0,30.0,1.0,8.0,-2.0,5.0,1.0,2.0,0.0,,
2020,Jan,31-3,31/1/20,6,Ipsos,ES,47.0,,30.0,,11.0,,5.0,,1.0,,0.0,
2020,Feb,1-3,1/2/20,,YouGov,,,,,,,,,,,,,
2020,Feb,4-5,4/2/20,6/3,YouGov,,,,,,,,,,,,,
2020,Feb,4-7,4/2/20,8,BMG,Ind,41.0,-3.0,29.0,0.0,11.0,0.0,8.0,3.0,3.0,-1.0,2.0,0.0
2020,Feb,8-9,8/2/20,,YouGov,,,,,,,,,,,,,
2020,Feb,8-10,8/2/20,14,YouGov,TT,48.0,-1.0,28.0,-2.0,10.0,2.0,6.0,1.0,2.0,0.0,,
2020,Feb,12-14,12/2/20,15,Opinium,Ob,47.0,0.0,32.0,2.0,7.0,-2.0,4.0,0.0,2.0,-1.0,,
2020,Feb,12,12/2/20,,R+W,,49.0,,30.0,,9.0,,5.0,,,,,
2020,Feb,15-17,15/2/20,,YouGov,,,,,,,,,,,,,
2020,Feb,19-20,19/2/20,23,Savanta ComRes,SE,47.0,,31.0,,9.0,,4.0,,3.0,,,
2020,Feb,20-21,20/2/20,,YouGov,,,,,,,,,,,,,
2020,Feb,22-24,22/2/20,,YouGov,,,,,,,,,,,,,
2020,Feb,28-2,28/2/20,12,Ipsos,,,,,,,,,,,,,
2020,Feb,29-2,29/2/20,,YouGov,,,,,,,,,,,,,
2020,Mar,3-6,3/3/20,8,BMG,Ind,45.0,4.0,28.0,-1.0,11.0,0.0,,,,,,
2020,Mar,4-5,4/3/20,,YouGov,,,,,,,,,,,,,
2020,Mar,5-9,5/3/20,11,Kantar,,50.0,,29.0,,11.0,,2.0,,1.0,,1.0,
2020,Mar,7-9,7/3/20,,YouGov,,,,,,,,,,,,,
2020,Mar,12-13,12/3/20,15,Opinium,Ob,49.0,2.0,32.0,0.0,6.0,-1.0,5.0,1.0,0.0,-2.0,2.0,
2020,Mar,12-13,12/3/20,,YouGov,,,,,,,,,,,,,
2020,Mar,13-16,13/3/20,19,Ipsos,ES,52.0,5.0,30.0,0.0,9.0,-2.0,4.0,-1.0,0.0,-1.0,0.0,0.0
2020,Mar,14-16,14/3/20,,YouGov,,,,,,,,,,,,,
2020,Mar,17-18,17/3/20,,YouGov,,,,,,,,,,,,,
2020,Mar,21-23,21/3/20,,YouGov,,,,,,,,,,,,,
2020,Mar,22-23,22/3/20,,YouGov,,,,,,,,,,,,,
2020,Mar,23,23/3/20,,R+W,,47.0,-2.0,29.0,-1.0,8.0,-1.0,5.0,0.0,,,,
2020,Mar,24-26,24/3/20,28,NCP,Bloomberg,54.0,,28.0,,7.0,,4.0,,2.0,,,
2020,Mar,26-27,26/3/20,29,Deltapoll,MoS,,,,,,,,,,,,
2020,Mar,26-28,26/3/20,29,Opinium,Ob,54.0,5.0,28.0,-4.0,6.0,0.0,3.0,-2.0,0.0,0.0,,
2020,Mar,28-30,28/3/20,,YouGov,,,,,,,,,,,,,
2020,Apr,1-2,1/4/20,3,YouGov,TT,52.0,4.0,28.0,0.0,8.0,-2.0,5.0,-1.0,1.0,-1.0,,
2020,Apr,1-2,1/4/20,,R+W,,49.0,2.0,29.0,0.0,8.0,0.0,4.0,-1.0,,,,
2020,Apr,1-3,1/4/20,5,Opinium,Ob,53.0,-1.0,30.0,2.0,7.0,1.0,3.0,0.0,0.0,0.0,1.0,
2020,Apr,4-6,4/4/20,,YouGov,,,,,,,,,,,,,
2020,Apr,7-9,7/4/20,11,BMG,Ind,46.0,1.0,29.0,1.0,10.0,-1.0,6.0,,2.0,,,
2020,Apr,7-9,7/4/20,12,Opinium,Ob,55.0,2.0,29.0,-1.0,5.0,-2.0,4.0,1.0,0.0,0.0,1.0,0.0
2020,Apr,10-13,10/4/20,16,Ipsos,,,,,,,,,,,,,
2020,Apr,10-14,10/4/20,,YouGov,,,,,,,,,,,,,
2020,Apr,11-13,11/4/20,,YouGov,,,,,,,,,,,,,
2020,Apr,15-17,15/4/20,19,Opinium,Ob,51.0,-4.0,32.0,3.0,6.0,1.0,3.0,-1.0,0.0,0.0,1.0,0.0
2020,Apr,16-17,16/4/20,20,YouGov,TT,53.0,1.0,32.0,4.0,5.0,-3.0,3.0,-2.0,1.0,0.0,,
2020,Apr,16-20,16/4/20,22,Kantar,,54.0,4.0,28.0,-1.0,9.0,-2.0,4.0,2.0,1.0,0.0,0.0,-1.0
2020,Apr,17,17/4/20,19,R+W,,52.0,3.0,31.0,2.0,8.0,0.0,3.0,-1.0,,,,
2020,Apr,18-20,18/4/20,22,YouGov,,,,,,,,,,,,,
2020,Apr,21-22,21/4/20,,YouGov,,,,,,,,,,,,,
2020,Apr,21-23,21/4/20,26,Opinium,Ob,50.0,-1.0,33.0,1.0,7.0,1.0,3.0,0.0,0.0,0.0,1.0,0.0
2020,Apr,23-24,23/4/20,26,Deltapoll,MoS,,,,,,,,,,,,
2020,Apr,25-27,25/4/20,,YouGov,,,,,,,,,,,,,
2020,Apr,26,26/4/20,28,R+W,,50.0,-2.0,33.0,2.0,7.0,-1.0,4.0,1.0,,,,
2020,Apr,27-28,27/4/20,1,Survation,,48.0,,31.0,,8.0,,5.0,,1.0,,,
2020,Apr,29-1,29/4/20,3,Opinium,Ob,51.0,1.0,33.0,0.0,6.0,-1.0,3.0,0.0,0.0,0.0,1.0,0.0
2020,May,2-3,2/5/20,,YouGov,,,,,,,,,,,,,
2020,May,5-6,5/5/20,7,YouGov,,50.0,-3.0,30.0,-2.0,7.0,2.0,5.0,2.0,3.0,2.0,,
2020,May,5-7,5/5/20,10,Opinium,Ob,49.0,-2.0,33.0,0.0,6.0,0.0,5.0,2.0,0.0,0.0,1.0,0.0
2020,May,6,6/5/20,6,R+W,,50.0,0.0,31.0,-2.0,7.0,0.0,5.0,1.0,,,,
2020,May,7-11,7/5/20,14,Kantar,,51.0,-3.0,32.0,4.0,7.0,-2.0,2.0,-2.0,2.0,1.0,0.0,0.0
2020,May,8-10,8/5/20,12,YouGov,,,,,,,,,,,,,
2020,May,13-14,13/5/20,,YouGov,,,,,,,,,,,,,
2020,May,13-14,13/5/20,17,Opinium,Ob,49.0,0.0,34.0,1.0,6.0,0.0,3.0,-2.0,0.0,0.0,1.0,0.0
2020,May,15,15/5/20,18,R+W,,47.0,-3.0,35.0,4.0,9.0,2.0,3.0,-2.0,,,,
2020,May,15-17,15/5/20,21,Savanta ComRes,,46.0,-1.0,33.0,2.0,7.0,-2.0,4.0,0.0,2.0,-1.0,,
2020,May,15-18,15/5/20,22,Ipsos,,,,,,,,,,,,,
2020,May,16-18,16/5/20,,YouGov,,,,,,,,,,,,,
2020,May,18-19,18/5/20,,YouGov,,48.0,-2.0,33.0,3.0,6.0,-1.0,5.0,0.0,2.0,-1.0,,
2020,May,21-22,21/5/20,24,Opinium,Ob,47.0,-2.0,35.0,1.0,6.0,0.0,3.0,0.0,0.0,0.0,2.0,1.0
2020,May,22-26,22/5/20,26,Survation,,46.0,-2.0,33.0,2.0,8.0,0.0,4.0,-1.0,0.0,-1.0,,
2020,May,23-25,23/5/20,,YouGov,,,,,,,,,,,,,
2020,May,25-26,25/5/20,27,YouGov,,44.0,-4.0,38.0,5.0,6.0,0.0,4.0,-1.0,2.0,0.0,,
2020,May,26-27,26/5/20,29,YouGov,Datapraxis,43.0,,38.0,,6.0,,4.0,,3.0,,,
2020,May,27,27/5/20,27,R+W,,43.0,-4.0,37.0,2.0,9.0,0.0,3.0,0.0,,,,
2020,May,27-28,27/5/20,31,Deltapoll,MoS,43.0,,38.0,,8.0,,4.0,,2.0,,,
2020,May,27,27/5/20,29,R+W,NS,,,,,,,,,,,,
2020,May,28-29,28/5/20,31,Opinium,Ob,43.0,-4.0,39.0,4.0,6.0,0.0,3.0,0.0,0.0,0.0,1.0,-1.0
2020,May,29-30,29/5/20,1,YouGov,TT,45.0,1.0,35.0,-3.0,6.0,0.0,5.0,1.0,2.0,0.0,,
2020,May,29-3,29/5/20,5,Ipsos,,,,,,,,,,,,,
2020,Jun,1-2,1/6/20,,YouGov,,,,,,,,,,,,,
2020,Jun,3,3/6/20,4,R+W,,43.0,0.0,36.0,-1.0,9.0,0.0,5.0,2.0,,,,
2020,Jun,3,3/6/20,4,R+W,MailOnline,,,,,,,,,,,,
2020,Jun,3,3/6/20,7,Survation,,41.0,-5.0,39.0,6.0,7.0,-1.0,4.0,0.0,1.0,1.0,,
2020,Jun,4-5,4/6/20,7,Deltapoll,,41.0,-2.0,38.0,0.0,8.0,0.0,4.0,0.0,3.0,1.0,,
2020,Jun,4-5,4/6/20,7,Opinium,Ob,43.0,0.0,40.0,1.0,6.0,0.0,3.0,0.0,0.0,0.0,2.0,1.0
2020,Jun,5-10,5/6/20,12,Ipsos,ES,43.0,-9.0,38.0,8.0,10.0,1.0,3.0,-1.0,0.0,0.0,0.0,0.0
2020,Jun,6-8,6/6/20,9,YouGov,,,,,,,,,,,,,
2020,Jun,9-10,9/6/20,11,Survation,,42.0,1.0,36.0,-3.0,8.0,1.0,4.0,0.0,1.0,0.0,,
2020,Jun,10-11,10/6/20,,YouGov,,,,,,,,,,,,,
2020,Jun,11,11/6/20,13,R+W,,41.0,-2.0,39.0,3.0,9.0,0.0,4.0,-1.0,,,,
2020,Jun,11-12,11/6/20,13,YouGov,,45.0,0.0,37.0,2.0,6.0,0.0,4.0,-1.0,2.0,0.0,,
2020,Jun,11-12,11/6/20,14,Opinium,Ob,44.0,1.0,39.0,-1.0,6.0,0.0,2.0,-1.0,,,1.0,-1.0
2020,Jun,11-15,11/6/20,17,Kantar,,43.0,-8.0,35.0,3.0,8.0,1.0,4.0,2.0,2.0,0.0,1.0,1.0
2020,Jun,12-14,12/6/20,18,Savanta ComRes,DT,40.0,-6.0,36.0,3.0,9.0,2.0,3.0,-1.0,3.0,1.0,,
2020,Jun,13-15,13/6/20,,YouGov,,,,,,,,,,,,,
2020,Jun,15-16,15/6/20,,YouGov,,,,,,,,,,,,,
2020,Jun,18,18/6/20,19,R+W,,43.0,2.0,38.0,-1.0,8.0,-1.0,4.0,0.0,,,,
2020,Jun,18-19,18/6/20,20,Opinium,Ob,44.0,0.0,40.0,1.0,5.0,-1.0,3.0,1.0,,,1.0,0.0
2020,Jun,20-22,20/6/20,,YouGov,,,,,,,,,,,,,
2020,Jun,24-25,24/6/20,26,Survation,,43.0,1.0,36.0,0.0,8.0,0.0,4.0,0.0,0.0,-1.0,,
2020,Jun,25,25/6/20,27,R+W,,,,,,,,,,,,,
2020,Jun,25,26/6/20,26,R+W,,44.0,1.0,38.0,0.0,7.0,-1.0,4.0,0.0,,,,
2020,Jun,25-26,25/6/20,27,Opinium,Ob,43.0,-1.0,39.0,-1.0,6.0,1.0,4.0,1.0,,,,
2020,Jun,26-28,26/6/20,,YouGov,TT,45.0,0.0,37.0,0.0,5.0,-1.0,4.0,0.0,2.0,0.0,,
2020,Jun,27-29,27/6/20,,YouGov,,,,,,,,,,,,,
2020,Jun,29-30,29/6/20,,YouGov,,,,,,,,,,,,,
2020,Jul,1,1/7/20,2,R+W,Election Maps UK,42.0,-2.0,38.0,0.0,8.0,1.0,5.0,1.0,,,,
2020,Jul,1-3,1/7/20,5,Opinium,Ob,41.0,-2.0,37.0,-2.0,8.0,2.0,4.0,0.0,0.0,,2.0,
2020,Jul,3-6,3/7/20,7,Survation,,44.0,1.0,37.0,1.0,7.0,-1.0,4.0,0.0,0.0,0.0,,
2020,Jul,4-6,4/7/20,,YouGov,,,,,,,,,,,,,
2020,Jul,7-8,7/7/20,,YouGov,,,,,,,,,,,,,
2020,Jul,8,8/7/20,9,R+W,,44.0,2.0,39.0,1.0,7.0,-1.0,4.0,-1.0,,,,
2020,Jul,8-9,8/7/20,10,YouGov,TT,46.0,1.0,36.0,-1.0,6.0,1.0,3.0,-1.0,2.0,0.0,,
2020,Jul,9-10,9/7/20,12,Opinium,Ob,42.0,1.0,38.0,1.0,6.0,-2.0,4.0,0.0,0.0,0.0,2.0,0.0
2020,Jul,9-10,9/7/20,11,Deltapoll,,44.0,3.0,38.0,0.0,7.0,-1.0,3.0,-1.0,3.0,0.0,,
2020,Jul,9-13,9/7/20,16,Kantar,,45.0,2.0,35.0,0.0,9.0,1.0,2.0,-2.0,2.0,0.0,1.0,0.0
2020,Jul,10-12,10/7/20,13,Survation,,42.0,-2.0,36.0,-1.0,8.0,1.0,5.0,1.0,1.0,1.0,,
2020,Jul,10-13,10/7/20,17,Ipsos,,,,,,,,,,,,,
2020,Jul,11-13,11/7/20,,YouGov,,,,,,,,,,,,,
2020,Jul,15,15/7/20,16,R+W,,44.0,0.0,37.0,-2.0,8.0,1.0,4.0,0.0,,,,
2020,Jul,15-17,15/7/20,19,Opinium,Ob,44.0,2.0,36.0,-2.0,6.0,0.0,4.0,0.0,,,1.0,-1.0
2020,Jul,17-18,17/7/20,,YouGov,,,,,,,,,,,,,
2020,Jul,17-19,17/7/20,22,Savanta ComRes,,43.0,3.0,37.0,1.0,6.0,-3.0,2.0,-1.0,2.0,-1.0,,
2020,Jul,18-20,18/7/20,,YouGov,,,,,,,,,,,,,
2020,Jul,22,22/7/20,24,R+W,,44.0,0.0,36.0,-1.0,8.0,0.0,5.0,1.0,,,,
2020,Jul,22-23,22/7/20,,YouGov,TT,44.0,-2.0,35.0,-1.0,7.0,1.0,4.0,1.0,3.0,1.0,,
2020,Jul,23-24,23/7/20,26,Opinium,Ob,42.0,-2.0,38.0,2.0,6.0,0.0,4.0,0.0,0.0,,2.0,1.0
2020,Jul,25-27,25/7/20,,YouGov,,,,,,,,,,,,,
2020,Jul,29,29/7/20,31,R+W,,43.0,-1.0,38.0,2.0,7.0,-1.0,4.0,-1.0,,,,
2020,Jul,30-31,30/7/20,1,Opinium,Ob,41.0,-1.0,38.0,0.0,6.0,0.0,4.0,0.0,0.0,0.0,2.0,0.0
2020,Jul,30-31,30/7/20,5,YouGov,TT,43.0,-1.0,35.0,0.0,6.0,-1.0,5.0,1.0,3.0,0.0,,
2020,Jul,30-4,30/7/20,6,Ipsos,ES,45.0,2.0,37.0,-1.0,6.0,-4.0,5.0,2.0,1.0,1.0,0.0,0.0
2020,Jul,31-3,31/7/20,4,Survation,,44.0,2.0,35.0,-1.0,8.0,0.0,5.0,0.0,0.0,-1.0,,
2020,Aug,1-3,3/8/20,,YouGov,,,,,,,,,,,,,
2020,Aug,4-5,4/8/20,7,YouGov,,42.0,-1.0,36.0,1.0,8.0,2.0,5.0,0.0,2.0,-1.0,,
2020,Aug,6-10,6/8/20,12,Kantar,,42.0,-3.0,35.0,0.0,8.0,-1.0,3.0,1.0,3.0,1.0,1.0,0.0
2020,Aug,8-10,8/8/20,,YouGov,,,,,,,,,,,,,
2020,Aug,11-12,11/8/20,19,YouGov,,44.0,2.0,35.0,-1.0,5.0,-3.0,5.0,0.0,3.0,1.0,,
2020,Aug,12,12/8/20,14,R+W,,43.0,0.0,36.0,-2.0,9.0,2.0,4.0,0.0,,,,
2020,Aug,13-14,13/8/20,16,Opinium,Ob,42.0,1.0,39.0,1.0,5.0,-1.0,3.0,-1.0,0.0,0.0,3.0,1.0
2020,Aug,13-14,13/8/20,,YouGov,,,,,,,,,,,,,
2020,Aug,14-16,14/8/20,19,Savanta ComRes,,42.0,-1.0,37.0,0.0,7.0,1.0,3.0,1.0,2.0,0.0,,
2020,Aug,15-17,15/8/20,,YouGov,,,,,,,,,,,,,
2020,Aug,18-19,18/8/20,19,YouGov,TT,40.0,-4.0,38.0,3.0,6.0,1.0,6.0,1.0,4.0,1.0,,
2020,Aug,19,19/8/20,20,R+W,,44.0,1.0,37.0,1.0,7.0,-2.0,5.0,1.0,,,,
2020,Aug,21,21/8/20,25,Survation,,41.0,-3.0,37.0,2.0,9.0,1.0,4.0,-1.0,1.0,1.0,,
2020,Aug,21-24,21/8/20,27,Ipsos,,,,,,,,,,,,,
2020,Aug,22-24,22/8/20,,YouGov,,,,,,,,,,,,,
2020,Aug,24,24/8/20,26,R+W,,42.0,-2.0,37.0,0.0,9.0,2.0,5.0,0.0,,,,
2020,Aug,24-25,24/8/20,26,YouGov,TT,43.0,3.0,36.0,-2.0,6.0,0.0,4.0,-2.0,3.0,-1.0,,
2020,Aug,26-27,26/8/20,,YouGov,,,,,,,,,,,,,
2020,Aug,26-28,26/8/20,30,Opinium,Ob,40.0,-2.0,40.0,1.0,6.0,1.0,3.0,0.0,0.0,0.0,2.0,-1.0
2020,Aug,29-31,29/8/20,3,YouGov,,,,,,,,,,,,,
2020,Sep,1-2,1/9/20,3,R+W,,43.0,1.0,37.0,0.0,8.0,-1.0,4.0,-1.0,,,,
2020,Sep,2-4,2/9/20,8,Survation,,40.0,-1.0,38.0,1.0,8.0,-1.0,4.0,0.0,1.0,0.0,,
2020,Sep,3-4,3/9/20,,YouGov,,43.0,0.0,37.0,1.0,6.0,0.0,4.0,0.0,3.0,0.0,,
2020,Sep,4-8,4/9/20,15,NCP,Bloomberg,42.0,,38.0,,6.0,,5.0,,2.0,,,
2020,Sep,5-7,5/9/20,,YouGov,,,,,,,,,,,,,
2020,Sep,8-9,8/9/20,,YouGov,,42.0,-1.0,37.0,0.0,6.0,0.0,4.0,0.0,3.0,0.0,,
2020,Sep,9-10,9/9/20,,YouGov,,,,,,,,,,,,,
2020,Sep,9-11,9/9/20,13,Opinium,Ob,42.0,2.0,39.0,-1.0,6.0,0.0,4.0,1.0,0.0,0.0,1.0,-1.0
2020,Sep,11-18,11/9/20,22,Ipsos,ES,40.0,-5.0,37.0,0.0,8.0,2.0,5.0,0.0,0.0,-1.0,1.0,1.0
2020,Sep,12-14,12/9/20,,YouGov,,,,,,,,,,,,,
2020,Sep,15-16,15/9/20,17,R+W,,41.0,-2.0,39.0,2.0,8.0,0.0,5.0,1.0,,,,
2020,Sep,15-16,15/9/20,22,Survation,,40.0,0.0,38.0,0.0,7.0,-1.0,4.0,0.0,1.0,0.0,,
2020,Sep,16-17,16/9/20,19,YouGov,TT,40.0,-2.0,40.0,3.0,6.0,0.0,5.0,1.0,3.0,0.0,,
2020,Sep,17-21,17/9/20,23,Kantar,,40.0,-2.0,38.0,3.0,9.0,1.0,4.0,1.0,3.0,0.0,2.0,1.0
2020,Sep,18-20,18/9/20,22,Savanta ComRes,,40.0,-2.0,37.0,0.0,8.0,1.0,3.0,0.0,3.0,1.0,,
2020,Sep,19-21,19/9/20,,YouGov,,,,,,,,,,,,,
2020,Sep,22-23,22/9/20,24,R+W,,40.0,-1.0,40.0,1.0,7.0,-1.0,5.0,0.0,,,,
2020,Sep,22-23,22/9/20,,YouGov,,,,,,,,,,,,,
2020,Sep,23-24,23/9/20,28,YouGov,TT,41.0,1.0,38.0,-2.0,6.0,0.0,5.0,0.0,3.0,0.0,,
2020,Sep,23-25,23/9/20,27,Opinium,Ob,39.0,-3.0,42.0,3.0,5.0,-1.0,4.0,0.0,,,1.0,0.0
2020,Sep,24-25,24/9/20,27,Deltapoll,MoS,42.0,-2.0,38.0,0.0,6.0,-1.0,4.0,1.0,3.0,0.0,,
2020,Sep,25-28,25/9/20,30,Savanta ComRes,,41.0,1.0,38.0,1.0,8.0,0.0,3.0,0.0,2.0,-1.0,,
2020,Sep,26-28,26/9/20,,YouGov,,,,,,,,,,,,,
2020,Sep,29-30,29/9/20,1,YouGov,TT,39.0,-2.0,39.0,1.0,6.0,0.0,5.0,0.0,4.0,1.0,,
2020,Sep,30-1,30/9/20,3,R+W,,39.0,-1.0,39.0,-1.0,8.0,1.0,5.0,0.0,,,,
2020,Oct,2-4,2/10/20,6,Savanta ComRes,,42.0,1.0,39.0,1.0,7.0,-1.0,3.0,0.0,2.0,0.0,,
2020,Oct,2-5,2/10/20,7,Ipsos,,,,,,,,,,,,,
2020,Oct,3-5,3/10/20,,YouGov,,,,,,,,,,,,,
2020,Oct,5-6,5/10/20,12,Survation,,41.0,1.0,37.0,-1.0,7.0,0.0,4.0,0.0,1.0,0.0,,
2020,Oct,6-7,6/10/20,9,YouGov,TT,41.0,2.0,38.0,-1.0,5.0,-1.0,6.0,1.0,3.0,-1.0,,
2020,Oct,6-7,6/10/20,9,R+W,,41.0,2.0,39.0,0.0,8.0,0.0,4.0,-1.0,,,,
2020,Oct,8-9,8/10/20,11,Opinium,Ob,40.0,1.0,40.0,-2.0,6.0,1.0,3.0,-1.0,,,3.0,2.0
2020,Oct,9-14,9/10/20,14,Savanta ComRes,,39.0,-3.0,39.0,0.0,7.0,0.0,4.0,1.0,3.0,1.0,,
2020,Oct,9-17,9/10/20,21,NCP,ITV,41.0,-1.0,38.0,0.0,5.0,-1.0,6.0,1.0,4.0,2.0,,
2020,Oct,10-12,10/10/20,,YouGov,,,,,,,,,,,,,
2020,Oct,12-13,12/10/20,,YouGov,,,,,,,,,,,,,
2020,Oct,14-15,14/10/20,16,YouGov,TT,39.0,-2.0,38.0,0.0,6.0,1.0,6.0,0.0,5.0,2.0,,
2020,Oct,16-18,16/10/20,,YouGov,,,,,,,,,,,,,
2020,Oct,16-18,16/10/20,21,Savanta ComRes,,42.0,3.0,36.0,-3.0,8.0,1.0,3.0,-1.0,2.0,-1.0,,
2020,Oct,19-20,19/10/20,,YouGov,,,,,,,,,,,,,
2020,Oct,21,21/10/20,21,R+W,,40.0,-1.0,40.0,1.0,7.0,-1.0,4.0,0.0,,,,
2020,Oct,21-22,21/10/20,26,YouGov,TT,40.0,1.0,39.0,1.0,7.0,1.0,5.0,-1.0,3.0,-2.0,,
2020,Oct,22-23,22/10/20,25,Opinium,Ob,38.0,-2.0,40.0,0.0,6.0,0.0,5.0,2.0,,,2.0,-1.0
2020,Oct,22-24,22/10/20,25,Deltapoll,MoS,42.0,0.0,39.0,1.0,7.0,1.0,3.0,-1.0,3.0,0.0,2.0,
2020,Oct,22-28,22/10/20,30,Ipsos,ES,37.0,-3.0,42.0,5.0,8.0,0.0,5.0,0.0,1.0,1.0,0.0,-1.0
2020,Oct,23-26,23/10/20,28,Savanta ComRes,,42.0,0.0,39.0,3.0,7.0,-1.0,3.0,0.0,2.0,0.0,,
2020,Oct,24-26,24/10/20,27,YouGov,,,,,,,,,,,,,
2020,Oct,28,28/10/20,30,R+W,,39.0,-1.0,41.0,1.0,7.0,0.0,4.0,0.0,,,,
2020,Oct,28-29,28/10/20,,YouGov,TT,38.0,-2.0,38.0,-1.0,6.0,-1.0,5.0,0.0,4.0,1.0,,
2020,Oct,29-30,29/10/20,30,YouGov,,,,,,,,,,,,,
2020,Oct,30-2,30/10/20,3,Savanta ComRes,,40.0,-2.0,40.0,1.0,7.0,0.0,4.0,1.0,2.0,0.0,,
2020,Oct,31-2,31/10/20,,YouGov,,,,,,,,,,,,,
2020,Nov,3-4,3/11/20,,YouGov,,,,,,,,,,,,,
2020,Nov,4-5,4/11/20,6,YouGov,TT,35.0,-3.0,40.0,2.0,7.0,1.0,4.0,-1.0,6.0,2.0,,
2020,Nov,5-6,5/11/20,6,Survation,,39.0,-2.0,37.0,0.0,9.0,2.0,4.0,0.0,2.0,1.0,,
2020,Nov,5-6,5/11/20,8,Opinium,Ob,38.0,0.0,42.0,2.0,7.0,1.0,3.0,-2.0,,,2.0,0.0
2020,Nov,5-9,5/11/20,11,Kantar,,40.0,0.0,36.0,-2.0,8.0,-1.0,5.0,1.0,3.0,0.0,1.0,-1.0
2020,Nov,6-9,6/11/20,11,Savanta ComRes,,40.0,0.0,36.0,-4.0,8.0,1.0,5.0,1.0,2.0,0.0,,
2020,Nov,6-9,6/11/20,12,Ipsos,,,,,,,,,,,,,
2020,Nov,7-9,7/11/20,,YouGov,,,,,,,,,,,,,
2020,Nov,11,11/11/20,12,R+W,,40.0,1.0,40.0,-1.0,7.0,0.0,5.0,1.0,,,,
2020,Nov,11-12,11/11/20,16,YouGov,TT,38.0,3.0,40.0,0.0,5.0,-2.0,5.0,1.0,4.0,-2.0,,
2020,Nov,13-15,13/11/20,19,Savanta ComRes,,41.0,1.0,38.0,2.0,5.0,-3.0,4.0,-1.0,2.0,0.0,,
2020,Nov,13-16,13/11/20,,YouGov,,,,,,,,,,,,,
2020,Nov,14-15,14/11/20,,YouGov,,,,,,,,,,,,,
2020,Nov,17-18,17/11/20,23,YouGov,TT,38.0,0.0,37.0,-3.0,7.0,2.0,6.0,1.0,4.0,0.0,,
2020,Nov,18-19,18/11/20,,YouGov,,,,,,,,,,,,,
2020,Nov,19,19/11/20,20,R+W,,40.0,0.0,39.0,-1.0,8.0,1.0,4.0,-1.0,,,,
2020,Nov,19-20,19/11/20,22,Opinium,Ob,41.0,3.0,38.0,-4.0,6.0,-1.0,4.0,1.0,,,2.0,0.0
2020,Nov,20-22,20/11/20,25,Savanta ComRes,,39.0,-2.0,37.0,-1.0,7.0,2.0,4.0,0.0,3.0,1.0,,
2020,Nov,20-28,20/11/20,28,NCP,,39.0,-2.0,37.0,-1.0,7.0,2.0,5.0,-1.0,4.0,0.0,,
2020,Nov,21-23,21/11/20,24,YouGov,,,,,,,,,,,,,
2020,Nov,26-27,26/11/20,28,YouGov,,37.0,-1.0,40.0,3.0,5.0,-2.0,5.0,-1.0,5.0,1.0,,
2020,Nov,26-27,26/11/20,29,Deltapoll,MoS,37.0,-5.0,38.0,-1.0,9.0,2.0,4.0,1.0,3.0,0.0,,
2020,Nov,27-28,27/11/20,13,Opinium,Ob,40.0,-1.0,38.0,0.0,6.0,0.0,4.0,0.0,0.0,,2.0,0.0
2020,Nov,27-29,27/11/20,2,Savanta ComRes,,39.0,0.0,38.0,1.0,8.0,1.0,3.0,-1.0,2.0,-1.0,,
2020,Nov,28-30,28/11/20,,YouGov,,,,,,,,,,,,,
2020,Dec,2,2/12/20,4,R+W,,40.0,0.0,37.0,-2.0,9.0,1.0,6.0,2.0,,,,
2020,Dec,2-3,2/12/20,9,YouGov,,38.0,1.0,38.0,-2.0,6.0,1.0,5.0,0.0,3.0,-2.0,,
2020,Dec,2-7,2/12/20,11,Survation,,,,,,,,,,,,,
2020,Dec,3-4,3/12/20,6,Opinium,Ob,38.0,-2.0,40.0,2.0,6.0,0.0,3.0,-1.0,0.0,0.0,3.0,1.0
2020,Dec,4-10,4/12/20,11,Survation,,39.0,0.0,37.0,0.0,8.0,-1.0,5.0,1.0,1.0,-1.0,,
2020,Dec,4-10,4/12/20,14,Ipsos,ES,41.0,4.0,41.0,-1.0,6.0,-2.0,5.0,0.0,0.0,-1.0,0.0,0.0
2020,Dec,4-29,4/12/20,2,Focaldata,TT,36.0,,38.0,,9.0,,7.0,,4.0,,,
2020,Dec,5-7,5/12/20,,YouGov,,,,,,,,,,,,,
2020,Dec,8-9,8/12/20,11,YouGov,TT,37.0,-1.0,37.0,-1.0,8.0,2.0,6.0,1.0,5.0,2.0,,
2020,Dec,10-14,12/12/20,20,Kantar,,38.0,-2.0,37.0,1.0,10.0,2.0,5.0,0.0,3.0,0.0,1.0,0.0
2020,Dec,11-13,11/12/20,17,Savanta ComRes,,38.0,-1.0,37.0,-1.0,8.0,0.0,5.0,2.0,4.0,2.0,,
2020,Dec,12-14,12/12/20,,YouGov,,,,,,,,,,,,,
2020,Dec,15-16,15/12/20,22,YouGov,TT,39.0,2.0,37.0,0.0,6.0,-2.0,6.0,0.0,4.0,-1.0,,
2020,Dec,16-17,16/12/20,20,Opinium,Ob,39.0,1.0,39.0,-1.0,6.0,0.0,4.0,1.0,0.0,0.0,3.0,0.0
2020,Dec,17-18,17/12/20,,YouGov,,,,,,,,,,,,,
2020,Dec,18-20,18/12/20,,YouGov,,,,,,,,,,,,,
2020,Dec,18-21,18/12/20,1,Savanta ComRes,DE,41.0,3.0,39.0,2.0,8.0,0.0,4.0,-1.0,2.0,-2.0,,
2020,Dec,21-22,21/12/20,23,YouGov,,37.0,-2.0,41.0,4.0,5.0,-1.0,5.0,-1.0,4.0,0.0,,
2020,Dec,22,22/12/20,24,Survation,,39.0,0.0,38.0,1.0,8.0,0.0,4.0,-1.0,1.0,0.0,,
2020,Dec,26-28,26/12/20,,YouGov,,,,,,,,,,,,,
2020,Dec,26-30,26/12/20,4,Deltapoll,Mirror,43.0,6.0,38.0,0.0,4.0,-5.0,5.0,1.0,3.0,0.0,,
2021,Jan,2-4,2/1/21,,YouGov,,,,,,,,,,,,,
2021,Jan,6-7,6/1/21,10,Opinium,Ob,39.0,0.0,40.0,1.0,6.0,0.0,4.0,0.0,0.0,0.0,2.0,-1.0
2021,Jan,4-5,4/1/21,9,YouGov,TT,39.0,2.0,39.0,-2.0,6.0,1.0,6.0,1.0,3.0,-1.0,,
2021,Jan,8-10,8/1/21,12,Savanta ComRes,,40.0,-1.0,37.0,-2.0,8.0,0.0,4.0,0.0,2.0,,,
2021,Jan,8-11,8/1/21,14,Ipsos,,,,,,,,,,,,,
2021,Jan,9-11,9/1/21,,YouGov,,,,,,,,,,,,,
2021,Jan,11,11/1/21,12,R+W,,41.0,1.0,37.0,0.0,8.0,-1.0,5.0,-1.0,2.0,,,
2021,Jan,12-13,12/1/21,17,Survation,,40.0,1.0,38.0,0.0,7.0,-1.0,5.0,1.0,0.0,-1.0,,
2021,Jan,13-14,13/1/21,19,YouGov,TT,38.0,-1.0,39.0,0.0,5.0,-1.0,6.0,0.0,3.0,0.0,,
2021,Jan,14-15,14/1/21,17,Opinium,Ob,37.0,-2.0,41.0,1.0,6.0,0.0,4.0,0.0,,,1.0,-1.0
2021,Jan,15-17,15/1/21,22,Savanta ComRes,,39.0,-1.0,37.0,0.0,7.0,-1.0,3.0,-1.0,2.0,0.0,,
2021,Jan,16-18,16/1/21,,YouGov,,,,,,,,,,,,,
2021,Jan,18,18/1/21,19,R+W,,40.0,-1.0,38.0,1.0,8.0,0.0,5.0,0.0,2.0,0.0,,
2021,Jan,21-22,21/1/21,23,YouGov,TT,39.0,1.0,38.0,-1.0,5.0,0.0,6.0,0.0,4.0,1.0,,
2021,Jan,21-23,21/1/21,25,Deltapoll,,41.0,-2.0,39.0,1.0,7.0,3.0,3.0,-2.0,2.0,-1.0,,
2021,Jan,21-25,21/1/21,29,Kantar,,40.0,2.0,37.0,0.0,10.0,0.0,5.0,0.0,2.0,-1.0,1.0,0.0
2021,Jan,22-24,22/1/21,29,Savanta ComRes,,40.0,1.0,37.0,0.0,8.0,1.0,3.0,0.0,2.0,0.0,,
2021,Jan,23-25,23/1/21,,YouGov,,,,,,,,,,,,,
2021,Jan,25,25/1/21,25,R+W,,42.0,2.0,37.0,-1.0,8.0,0.0,4.0,-1.0,3.0,1.0,,
2021,Jan,25-1,25/1/21,3,NCP,ITV,43.0,4.0,37.0,0.0,5.0,-2.0,5.0,0.0,3.0,-1.0,,
2021,Jan,26-27,26/1/21,28,YouGov,,37.0,-2.0,41.0,3.0,6.0,1.0,4.0,-2.0,3.0,-1.0,,
2021,Jan,28-29,28/1/21,31,Opinium,Ob,41.0,4.0,38.0,-3.0,7.0,1.0,4.0,0.0,1.0,,2.0,1.0
2021,Jan,29-31,29/1/21,3,Savanta ComRes,,41.0,1.0,38.0,1.0,6.0,-2.0,3.0,0.0,2.0,0.0,,
2021,Jan,29-4,29/1/21,8,Ipsos,ES,42.0,1.0,38.0,-3.0,7.0,1.0,8.0,3.0,0.0,0.0,0.0,0.0
2021,Jan,30-1,30/1/21,,YouGov,,,,,,,,,,,,,
2021,Feb,1,1/2/21,2,R+W,,40.0,-2.0,38.0,1.0,8.0,0.0,4.0,0.0,3.0,0.0,,
2021,Feb,2-3,2/2/21,8,YouGov,TT,41.0,4.0,37.0,-4.0,6.0,0.0,6.0,2.0,3.0,0.0,,
2021,Feb,5-6,5/2/21,12,Survation,,39.0,-1.0,33.0,-5.0,9.0,2.0,7.0,2.0,,,,
2021,Feb,5-7,5/2/21,11,Savanta ComRes,,41.0,0.0,37.0,-1.0,8.0,2.0,4.0,1.0,2.0,0.0,,
2021,Feb,6-8,6/2/21,,YouGov,,,,,,,,,,,,,
2021,Feb,8,8/2/21,9,R+W,,43.0,3.0,38.0,0.0,7.0,-1.0,4.0,0.0,2.0,-1.0,,
2021,Feb,8-9,8/2/21,,YouGov,,,,,,,,,,,,,
2021,Feb,9-10,9/2/21,11,YouGov,TT,41.0,0.0,36.0,-1.0,6.0,0.0,7.0,1.0,3.0,0.0,,
2021,Feb,11-12,11/2/21,14,Opinium,Ob,42.0,1.0,37.0,-1.0,6.0,-1.0,5.0,1.0,0.0,-1.0,1.0,-1.0
2021,Feb,12-14,12/2/21,18,Savanta ComRes,,42.0,1.0,37.0,0.0,7.0,-1.0,3.0,-1.0,2.0,0.0,,
2021,Feb,13-15,13/2/21,,YouGov,,,,,,,,,,,,,
2021,Feb,15,15/2/21,15,R+W,,41.0,-2.0,39.0,1.0,8.0,1.0,5.0,1.0,2.0,0.0,,
2021,Feb,17-18,17/2/21,22,YouGov,TT,40.0,-1.0,37.0,1.0,7.0,1.0,6.0,-1.0,3.0,0.0,,
2021,Feb,18-22,18/2/21,25,Kantar,,40.0,0.0,33.0,-4.0,11.0,1.0,6.0,1.0,3.0,1.0,2.0,1.0
2021,Feb,19-22,19/2/21,24,Savanta ComRes,,40.0,-2.0,38.0,1.0,7.0,0.0,3.0,0.0,3.0,1.0,,
2021,Feb,19-22,19/2/21,4,Ipsos,,,,,,,,,,,,,
2021,Feb,19-22,19/2/21,,YouGov,,,,,,,,,,,,,
2021,Feb,20-22,20/2/21,,YouGov,,,,,,,,,,,,,
2021,Feb,22,22/2/21,23,R+W,,43.0,2.0,37.0,-2.0,7.0,-1.0,5.0,0.0,3.0,1.0,,
2021,Feb,23-25,23/2/21,1,Survation,,42.0,3.0,34.0,1.0,7.0,-2.0,6.0,-1.0,1.0,,,
2021,Feb,24-26,24/2/21,27,Opinium,Ob,43.0,1.0,36.0,-1.0,7.0,1.0,4.0,-1.0,1.0,1.0,0.0,-1.0
2021,Feb,24-26,24/2/21,27,Deltapoll,MoS,42.0,1.0,38.0,-1.0,6.0,-1.0,4.0,1.0,3.0,1.0,,
2021,Feb,25-26,24/2/21,26,YouGov,TT,41.0,1.0,36.0,-1.0,5.0,-2.0,7.0,1.0,3.0,0.0,,
2021,Feb,26-28,26/2/21,2,Savanta ComRes,,43.0,3.0,36.0,-2.0,7.0,0.0,3.0,0.0,3.0,0.0,,
2021,Feb,27-1,27/2/21,,YouGov,,,,,,,,,,,,,
2021,Mar,1,1/3/21,2,R+W,,44.0,0.0,38.0,0.0,7.0,0.0,3.0,-2.0,2.0,-1.0,,
2021,Mar,3-4,3/3/21,4,YouGov,TT,45.0,4.0,32.0,-4.0,6.0,1.0,7.0,0.0,3.0,0.0,,
2021,Mar,5-7,5/3/21,10,Savanta ComRes,,42.0,-1.0,36.0,0.0,8.0,1.0,4.0,1.0,3.0,0.0,,
2021,Mar,5-12,5/3/21,15,Ipsos,ES,45.0,3.0,38.0,0.0,6.0,-1.0,5.0,-3.0,1.0,,0.0,0.0
2021,Mar,6-8,6/3/21,,YouGov,,,,,,,,,,,,,
2021,Mar,8,8/3/21,9,R+W,,45.0,1.0,36.0,-2.0,7.0,0.0,4.0,1.0,3.0,1.0,,
2021,Mar,8-9,8/3/21,,YouGov,,,,,,,,,,,,,
2021,Mar,9-10,9/3/21,14,Survation,SMirror,43.0,1.0,33.0,-1.0,9.0,2.0,5.0,-1.0,1.0,0.0,,
2021,Mar,9-10,9/3/21,17,YouGov,TT,42.0,-3.0,33.0,1.0,7.0,1.0,6.0,-1.0,3.0,0.0,,
2021,Mar,11-12,11/3/21,14,Opinium,Ob,43.0,0.0,37.0,1.0,6.0,-1.0,4.0,0.0,0.0,-1.0,1.0,1.0
2021,Mar,12-14,12/3/21,17,Savanta ComRes,,39.0,-3.0,37.0,1.0,8.0,0.0,4.0,0.0,3.0,0.0,,
2021,Mar,12-16,12/3/21,20,NCP,,42.0,-1.0,37.0,0.0,7.0,2.0,5.0,0.0,2.0,-1.0,,
2021,Mar,13-15,13/3/21,,YouGov,,,,,,,,,,,,,
2021,Mar,15,15/3/21,16,R+W,,43.0,-2.0,36.0,0.0,7.0,0.0,5.0,1.0,3.0,0.0,,
2021,Mar,16-19,16/3/21,23,BMG,Ind,39.0,,37.0,,9.0,,6.0,,3.0,,,
2021,Mar,18-19,18/3/21,24,YouGov,TT,43.0,1.0,34.0,1.0,5.0,-2.0,7.0,1.0,3.0,0.0,,
2021,Mar,19-21,19/3/21,26,Savanta ComRes,,42.0,3.0,38.0,1.0,6.0,-2.0,3.0,-1.0,2.0,-1.0,,
2021,Mar,20-22,20/3/21,,YouGov,,,,,,,,,,,,,
2021,Mar,22,22/3/21,22,R+W,,42.0,-1.0,36.0,0.0,9.0,2.0,6.0,1.0,2.0,-1.0,,
2021,Mar,25-26,25/3/21,28,Opinium,Ob,41.0,-2.0,37.0,0.0,6.0,0.0,5.0,1.0,1.0,1.0,2.0,1.0
2021,Mar,25-26,25/3/21,30,YouGov,TT,42.0,-1.0,32.0,-2.0,8.0,3.0,7.0,0.0,3.0,0.0,,
2021,Mar,25-27,25/3/21,28,Deltapoll,MoS,44.0,2.0,36.0,-2.0,6.0,0.0,4.0,0.0,3.0,0.0,,
2021,Mar,25-29,25/3/21,1,Kantar,,42.0,2.0,34.0,1.0,9.0,-2.0,4.0,-2.0,2.0,-1.0,1.0,-1.0
2021,Mar,26-29,26/3/21,1,Ipsos,,,,,,,,,,,,,
2021,Mar,27-29,27/3/21,,YouGov,,,,,,,,,,,,,
2021,Mar,29,29/3/21,29,R+W,,44.0,2.0,36.0,0.0,7.0,-2.0,4.0,-2.0,2.0,0.0,,
2021,Mar,31-1,31/3/21,7,YouGov,TT,42.0,0.0,34.0,2.0,7.0,-1.0,6.0,-1.0,3.0,0.0,,
2021,Apr,2-4,2/4/21,6,Savanta ComRes,,42.0,0.0,35.0,-3.0,8.0,2.0,3.0,0.0,2.0,0.0,,
2021,Apr,3-5,3/4/21,,YouGov,,,,,,,,,,,,,
2021,Apr,5,5/4/21,5,R+W,,44.0,0.0,34.0,-2.0,9.0,2.0,5.0,1.0,2.0,0.0,,
2021,Apr,7-8,7/4/21,12,YouGov,TT,41.0,-1.0,34.0,0.0,6.0,0.0,6.0,0.0,3.0,0.0,,
2021,Apr,8-9,8/4/21,11,Opinium,Ob,45.0,4.0,36.0,-1.0,6.0,0.0,4.0,-1.0,0.0,-1.0,1.0,-1.0
2021,Apr,8-10,8/4/21,11,Deltapoll,MoS,45.0,1.0,36.0,0.0,6.0,0.0,4.0,0.0,4.0,1.0,,
2021,Apr,8-10,8/4/21,16,Survation,,43.0,0.0,35.0,2.0,8.0,-1.0,4.0,-1.0,,,,
2021,Apr,9-11,9/4/21,14,Savanta ComRes,,42.0,0.0,35.0,0.0,7.0,-1.0,4.0,1.0,2.0,0.0,,
2021,Apr,10-12,10/4/21,,YouGov,,,,,,,,,,,,,
2021,Apr,12,12/4/21,12,R+W,,43.0,-1.0,36.0,2.0,7.0,-2.0,5.0,0.0,3.0,1.0,,
2021,Apr,13-14,12/4/21,16,YouGov,TT,43.0,2.0,29.0,-5.0,8.0,2.0,8.0,2.0,3.0,0.0,,
2021,Apr,15-19,15/4/21,22,Survation,,40.0,-3.0,34.0,-1.0,9.0,1.0,7.0,3.0,,,,
2021,Apr,16-18,16/4/21,20,Savanta ComRes,,43.0,1.0,34.0,-1.0,7.0,0.0,4.0,0.0,1.0,-1.0,,
2021,Apr,16-22,16/4/21,26,Ipsos,ES,40.0,-5.0,37.0,-1.0,8.0,2.0,5.0,0.0,2.0,1.0,1.0,1.0
2021,Apr,17-19,17/4/21,,YouGov,,,,,,,,,,,,,
2021,Apr,19,19/4/21,19,R+W,,44.0,1.0,34.0,-2.0,10.0,3.0,4.0,-1.0,3.0,0.0,,
2021,Apr,21-22,21/4/21,23,YouGov,TT,44.0,1.0,34.0,5.0,5.0,-3.0,7.0,-1.0,2.0,-1.0,,
2021,Apr,21-23,21/4/21,25,Opinium,Ob,44.0,-1.0,33.0,-3.0,7.0,1.0,5.0,1.0,0.0,0.0,2.0,1.0
2021,Apr,22-26,22/4/21,,BMG,Ind,39.0,0.0,35.0,-2.0,9.0,0.0,6.0,0.0,3.0,0.0,,
2021,Apr,22-26,22/4/21,28,Kantar,,41.0,-1.0,33.0,-1.0,10.0,1.0,7.0,3.0,3.0,1.0,1.0,0.0
2021,Apr,23-25,23/4/21,28,Savanta ComRes,,42.0,-1.0,35.0,1.0,8.0,1.0,3.0,-1.0,2.0,1.0,,
2021,Apr,24-26,24/4/21,,YouGov,,,,,,,,,,,,,
2021,Apr,26,26/4/21,26,R+W,,44.0,0.0,34.0,0.0,8.0,-2.0,4.0,0.0,3.0,0.0,,
2021,Apr,27-28,27/4/21,29,YouGov,TT,44.0,0.0,33.0,-1.0,7.0,2.0,7.0,0.0,3.0,1.0,,
2021,Apr,27-29,27/4/21,1,Survation,DM,39.0,-1.0,38.0,4.0,9.0,0.0,6.0,-1.0,,,,
2021,Apr,28-29,28/4/21,29,NCP,,43.0,1.0,34.0,-3.0,5.0,-2.0,7.0,2.0,2.0,0.0,,
2021,Apr,28-30,28/4/21,2,Opinium,Ob,42.0,-2.0,37.0,4.0,7.0,0.0,4.0,-1.0,0.0,0.0,2.0,0.0
2021,Apr,29-30,29/4/21,1,Focaldata,ST,40.0,,39.0,,6.0,,4.0,,3.0,,,
2021,Apr,30-2,30/4/21,4,Savanta ComRes,,40.0,-2.0,36.0,1.0,8.0,0.0,4.0,1.0,2.0,0.0,,
2021,May,1-3,1/5/21,,YouGov,,,,,,,,,,,,,
2021,May,3,3/5/21,3,R+W,,40.0,-4.0,38.0,4.0,7.0,-1.0,5.0,1.0,3.0,0.0,,
2021,May,4-5,4/5/21,5,Panelbase,,45.0,,36.0,,6.0,,5.0,,,,,
2021,May,4-5,4/5/21,6,YouGov,TT,43.0,-1.0,33.0,0.0,7.0,0.0,6.0,-1.0,3.0,0.0,,
2021,May,7-9,7/5/21,11,Savanta ComRes,,42.0,2.0,34.0,-2.0,8.0,0.0,4.0,0.0,2.0,0.0,,
2021,May,7-10,7/5/21,13,Ipsos,,,,,,,,,,,,,
2021,May,8-10,8/5/21,,YouGov,,,,,,,,,,,,,
2021,May,10,10/5/21,10,R+W,,45.0,5.0,34.0,-4.0,8.0,1.0,5.0,0.0,2.0,-1.0,,
2021,May,11-12,11/5/21,14,YouGov,TT,45.0,2.0,30.0,-3.0,7.0,0.0,8.0,2.0,2.0,-1.0,,
2021,May,13-14,13/5/21,16,Opinium,Ob,44.0,2.0,31.0,-6.0,8.0,1.0,7.0,3.0,0.0,0.0,2.0,0.0
2021,May,13-15,13/5/21,16,Find Out Now / Electoral Calculus,STel,43.0,,30.0,,11.0,,9.0,,2.0,,,
2021,May,14-16,14/5/21,17,Savanta ComRes,,43.0,1.0,32.0,-2.0,8.0,0.0,5.0,1.0,2.0,0.0,,
2021,May,15-17,15/5/21,,YouGov,,,,,,,,,,,,,
2021,May,17,17/5/21,17,R+W,,42.0,-3.0,33.0,-1.0,10.0,2.0,6.0,1.0,2.0,0.0,,
2021,May,19-20,19/5/21,21,YouGov,TT,46.0,1.0,28.0,-2.0,8.0,1.0,8.0,0.0,2.0,0.0,,
2021,May,21-23,21/5/21,27,Savanta ComRes,,43.0,0.0,34.0,2.0,9.0,1.0,4.0,-1.0,2.0,0.0,,
2021,May,22-24,22/5/21,,YouGov,,,,,,,,,,,,,
2021,May,24,24/4/21,24,R+W,,43.0,1.0,33.0,0.0,10.0,0.0,5.0,-1.0,3.0,1.0,,
2021,May,25-26,25/5/21,27,Survation,,44.0,5.0,33.0,-5.0,8.0,-1.0,6.0,0.0,,,,
2021,May,27-28,27/5/21,28,NCP,,44.0,1.0,32.0,-2.0,7.0,2.0,8.0,1.0,2.0,0.0,,
2021,May,27-28,27/5/21,29,Survation,DM,43.0,-1.0,33.0,0.0,10.0,2.0,5.0,-1.0,,,,
2021,May,27-28,27/5/21,29,YouGov,TT,43.0,-3.0,29.0,1.0,8.0,0.0,8.0,0.0,3.0,1.0,,
2021,May,27-28,27/5/21,30,Opinium,Ob,42.0,-2.0,36.0,5.0,6.0,-2.0,5.0,-2.0,1.0,1.0,1.0,-1.0
2021,May,28-30,28/5/21,3,Savanta ComRes,,42.0,-1.0,32.0,-2.0,9.0,0.0,5.0,1.0,2.0,0.0,,
2021,May,28-3,28/5/21,7,Ipsos,ES,44.0,4.0,35.0,-2.0,6.0,-2.0,7.0,2.0,0.0,-2.0,0.0,-1.0
2021,May,29-31,29/5/21,,YouGov,,,,,,,,,,,,,
2021,May,31,31/5/21,31,R+W,,45.0,2.0,34.0,1.0,8.0,-2.0,5.0,0.0,3.0,0.0,,
2021,Jun ,1-2,1/6/21,4,Survation,,41.0,-2.0,33.0,0.0,9.0,-1.0,6.0,1.0,,,,
2021,Jun ,2-3,2/6/21,4,YouGov,TT,46.0,3.0,30.0,1.0,6.0,-2.0,9.0,1.0,2.0,1.0,,
2021,Jun,3-7,3/6/21,10,Kantar,,45.0,4.0,32.0,-1.0,8.0,-2.0,6.0,-1.0,2.0,-1.0,1.0,0.0
2021,Jun,4-6,4/6/21,9,Savanta ComRes,,44.0,2.0,32.0,0.0,8.0,-1.0,5.0,0.0,2.0,0.0,,
2021,Jun,5-7,5/6/21,,YouGov,,,,,,,,,,,,,
2021,Jun,7,7/6/21,7,R+W,,43.0,-2.0,36.0,2.0,7.0,-1.0,5.0,0.0,1.0,-2.0,,
2021,Jun,7-14,7/6/21,17,NCP,ITV,45.0,1.0,34.0,2.0,5.0,-2.0,7.0,-1.0,3.0,1.0,,
2021,Jun ,9-10,9/6/21,11,YouGov,TT,44.0,-2.0,31.0,1.0,7.0,1.0,9.0,0.0,2.0,0.0,,
2021,Jun ,9-10,9/6/21,15,Survation,,42.0,1.0,35.0,2.0,9.0,0.0,5.0,-1.0,,,,
2021,Jun,10-11,10/6/21,13,Opinium,Ob,43.0,1.0,34.0,-2.0,6.0,0.0,7.0,2.0,,,,
2021,Jun,11-13,11/6/21,16,Savanta ComRes,,41.0,-3.0,34.0,2.0,8.0,0.0,6.0,1.0,2.0,0.0,,
2021,Jun ,11-15,11/6/21,23,Survation,,41.0,-1.0,33.0,-2.0,8.0,-1.0,7.0,2.0,,,,
2021,Jun,12-14,12/6/21,,YouGov,,,,,,,,,,,,,
2021,Jun,13,13/6/21,14,R+W,,44.0,1.0,34.0,-2.0,9.0,2.0,5.0,0.0,2.0,1.0,,
2021,Jun,16-17,16/6/21,21,YouGov,TT,45.0,1.0,31.0,0.0,6.0,-1.0,7.0,-2.0,4.0,2.0,,
2021,Jun,17-20,17/6/21,22,Deltapoll,,41.0,-4.0,35.0,-1.0,10.0,4.0,5.0,1.0,2.0,-2.0,3.0,
2021,Jun,18-20,18/6/21,22,Savanta ComRes,,44.0,3.0,30.0,-4.0,10.0,2.0,5.0,-1.0,1.0,-1.0,,
2021,Jun,18-20,18/6/21,,YouGov,,,,,,,,,,,,,
2021,Jun,19-21,19/6/21,,YouGov,,,,,,,,,,,,,
2021,Jun,21,21/6/21,21,R+W,,44.0,0.0,33.0,-1.0,10.0,1.0,4.0,-1.0,3.0,1.0,,
2021,Jun,23-24,23/6/21,25,YouGov,TT,42.0,-3.0,30.0,-1.0,9.0,3.0,7.0,0.0,4.0,0.0,,
2021,Jun,23-25,23/6/21,27,Opinium,Ob,43.0,0.0,35.0,1.0,7.0,1.0,5.0,-2.0,,,,
2021,Jun,25-26,25/6/21,1,Survation,,41.0,0.0,35.0,2.0,10.0,2.0,5.0,-2.0,,,,
2021,Jun,25-27,25/6/21,29,Savanta ComRes,,42.0,-2.0,33.0,3.0,9.0,-1.0,5.0,0.0,2.0,1.0,,
2021,Jun,25-28,25/6/21,1,Ipsos,,,,,,,,,,,,,
2021,Jun,26-28,26/6/21,,YouGov,,,,,,,,,,,,,
2021,Jun,28,28/6/21,28,R+W,,41.0,-3.0,34.0,1.0,9.0,-1.0,5.0,1.0,3.0,0.0,,
2021,Jun,29-30,29/6/21,5,YouGov,TT,42.0,0.0,31.0,1.0,10.0,1.0,6.0,-1.0,3.0,-1.0,,
2021,Jul,2-4,2/7/21,6,Savanta ComRes,,41.0,-1.0,35.0,2.0,8.0,-1.0,4.0,-1.0,3.0,1.0,,
2021,Jul,2-8,2/7/21,14,Ipsos,ES,40.0,-4.0,31.0,-4.0,13.0,7.0,6.0,-1.0,0.0,0.0,1.0,1.0
2021,Jul,3-5,3/7/21,,YouGov,,,,,,,,,,,,,
2021,Jul,5,5/7/21,5,R+W,,43.0,2.0,34.0,0.0,8.0,-1.0,6.0,1.0,4.0,1.0,,
2021,Jul,5-13,5/7/21,13,Survation,,43.0,2.0,32.0,-3.0,9.0,-1.0,6.0,1.0,,,,
2021,Jul,7-8,7/7/21,13,YouGov,TT,42.0,0.0,30.0,-1.0,9.0,-1.0,7.0,1.0,2.0,-1.0,,
2021,Jul,7-12,7/7/21,15,Kantar,,44.0,-1.0,31.0,1.0,12.0,4.0,4.0,-2.0,1.0,-1.0,0.0,-1.0
2021,Jul,8-9,8/7/21,11,Opinium,Ob,43.0,0.0,35.0,0.0,6.0,-1.0,6.0,1.0,,,,
2021,Jul,9-11,9/7/21,14,Savanta ComRes,,40.0,-1.0,35.0,0.0,9.0,1.0,6.0,2.0,2.0,-1.0,,
2021,Jul,10-12,10/7/21,,YouGov,,,,,,,,,,,,,
2021,Jul,12,12/7/21,12,R+W,,41.0,-2.0,33.0,-1.0,12.0,4.0,6.0,0.0,3.0,-1.0,,
2021,Jul,15-16,15/7/21,19,YouGov,,44.0,2.0,31.0,1.0,8.0,-1.0,6.0,-1.0,3.0,1.0,,
2021,Jul,16-18,16/7/21,22,Savanta ComRes,,41.0,1.0,34.0,-1.0,8.0,-1.0,5.0,-1.0,2.0,0.0,,
2021,Jul,17-19,17/7/21,,YouGov,,,,,,,,,,,,,
2021,Jul,19,19/7/21,19,R+W,,42.0,1.0,33.0,0.0,10.0,-2.0,5.0,-1.0,3.0,0.0,,
2021,Jul,19-20,19/7/21,20,Survation,,39.0,-4.0,35.0,3.0,11.0,2.0,5.0,-1.0,,,,
2021,Jul,20-21,20/7/21,24,YouGov,TT,38.0,-6.0,34.0,3.0,9.0,1.0,8.0,2.0,3.0,0.0,,
2021,Jul,22-23,22/7/21,25,Opinium,Ob,43.0,0.0,35.0,0.0,8.0,2.0,5.0,-1.0,,,,
2021,Jul,23,23/7/21,26,Survation,,39.0,0.0,37.0,2.0,10.0,-1.0,5.0,0.0,,,,
2021,Jul,23-25,23/7/21,28,Savanta ComRes,,40.0,-1.0,34.0,0.0,10.0,2.0,4.0,-1.0,2.0,0.0,,
2021,Jul,23-26,23/7/21,26,Deltapoll,,42.0,1.0,37.0,2.0,6.0,-4.0,6.0,1.0,2.0,0.0,3.0,0.0
2021,Jul,23-26,23/7/21,4,Ipsos,,,,,,,,,,,,,
2021,Jul,24-26,24/7/21,,YouGov,,,,,,,,,,,,,
2021,Jul,25,25/7/21,26,R+W,,40.0,-2.0,36.0,3.0,9.0,-1.0,6.0,1.0,4.0,1.0,,
2021,Jul,28-29,28/7/21,30,YouGov,TT,39.0,1.0,34.0,0.0,8.0,-1.0,9.0,1.0,3.0,0.0,,
2021,Jul,30-1,30/7/21,3,Savanta ComRes,,40.0,0.0,34.0,0.0,10.0,0.0,6.0,2.0,1.0,-1.0,,
2021,Jul,30-9,30/7/21,12,Ipsos,ES,41.0,1.0,30.0,-1.0,13.0,0.0,8.0,2.0,0.0,0.0,1.0,0.0
2021,Jul,31-2,31/7/21,3,YouGov,,,,,,,,,,,,,
2021,Aug,2,2/8/21,2,R+W,,41.0,1.0,34.0,-2.0,11.0,2.0,6.0,0.0,3.0,-1.0,,
2021,Aug,5-6,5/8/21,8,Opinium,Ob,42.0,-1.0,35.0,0.0,7.0,-1.0,5.0,0.0,,,,
2021,Aug,5-6,5/8/21,11,YouGov,TT,41.0,2.0,33.0,-1.0,8.0,0.0,7.0,-2.0,3.0,0.0,,
2021,Aug,6-8,6/8/21,12,Savanta ComRes,,41.0,1.0,33.0,-1.0,10.0,0.0,4.0,-2.0,2.0,1.0,,
2021,Aug,7-9,7/8/21,,YouGov,,,,,,,,,,,,,
2021,Aug,9,9/8/21,9,R+W,,40.0,-1.0,37.0,3.0,9.0,-2.0,6.0,0.0,3.0,0.0,,
2021,Aug,11-12,11/8/21,13,YouGov,TT,40.0,-1.0,32.0,-1.0,9.0,1.0,7.0,0.0,2.0,-1.0,,
2021,Aug,13-15,13/8/21,19,Savanta ComRes,,41.0,0.0,34.0,1.0,9.0,-1.0,4.0,0.0,2.0,0.0,,
2021,Aug,14-16,14/8/21,,YouGov,,,,,,,,,,,,,
2021,Aug,16,16/8/21,16,R+W,,40.0,0.0,36.0,-1.0,10.0,1.0,5.0,-1.0,3.0,0.0,,
2021,Aug,17-18,17/8/21,20,YouGov,TT,40.0,0.0,32.0,0.0,9.0,0.0,8.0,1.0,3.0,1.0,,
2021,Aug,19-20,19/8/21,22,Opinium,Ob,39.0,-3.0,36.0,1.0,8.0,1.0,6.0,1.0,,,,
2021,Aug,19-23,19/8/21,26,Kantar,,37.0,-7.0,34.0,3.0,14.0,2.0,5.0,1.0,2.0,1.0,2.0,2.0
2021,Aug,19-23,19/8/21,22-Sep,Opinium,Progressive Britain,39.0,,35.0,,9.0,,6.0,,,,,
2021,Aug,20-22,20/8/21,26,Savanta ComRes,,41.0,0.0,34.0,0.0,9.0,0.0,4.0,0.0,2.0,0.0,,
2021,Aug,21-23,21/8/21,,YouGov,,,,,,,,,,,,,
2021,Aug,23,23/8/21,23,R+W,,43.0,3.0,33.0,-3.0,10.0,0.0,6.0,1.0,3.0,0.0,,
2021,Aug,25-26,25/8/21,2,YouGov,TT,39.0,-1.0,31.0,-1.0,8.0,-1.0,9.0,1.0,4.0,1.0,,
2021,Aug,27-29,27/8/21,2,Savanta ComRes,,40.0,-1.0,34.0,0.0,10.0,1.0,5.0,1.0,2.0,0.0,,
2021,Aug,27-29,27/8/21,,YouGov,,,,,,,,,,,,,
2021,Aug,29,29/8/21,30,R+W,,41.0,-2.0,33.0,0.0,9.0,-1.0,5.0,-1.0,4.0,1.0,,
2021,Sep,2-3,2/9/21,5,Opinium,Ob,40.0,1.0,35.0,-1.0,7.0,-1.0,6.0,0.0,,,,
2021,Sep,2-3,2/9/21,5,Deltapoll,Sun on Sunday,41.0,-1.0,33.0,-4.0,9.0,3.0,7.0,1.0,3.0,1.0,3.0,0.0
2021,Sep,2-3,2/9/21,6,YouGov,TT,38.0,-1.0,34.0,3.0,8.0,0.0,10.0,1.0,3.0,-1.0,,
2021,Sep,2-30,2/9/21,15-Oct,YouGov,,38.0,,33.0,,9.0,,8.0,,4.0,,,
2021,Sep,3-5,3/9/21,10,Savanta ComRes,,40.0,0.0,36.0,2.0,9.0,-1.0,4.0,-1.0,3.0,1.0,,
2021,Sep,3-6,3/9/21,10,Ipsos,,,,,,,,,,,,,
2021,Sep,4-6,4/9/21,,YouGov,,,,,,,,,,,,,
2021,Sep,6,6/9/21,6,R+W,,41.0,0.0,32.0,-1.0,11.0,2.0,6.0,1.0,4.0,0.0,,
2021,Sep,6-8,6/9/21,11,Find Out Now / Electoral Calculus,DT,37.0,,33.0,,12.0,,8.0,,4.0,,,
2021,Sep,8-9,8/9/21,10,YouGov,TT,33.0,-5.0,35.0,1.0,10.0,2.0,9.0,-1.0,5.0,2.0,,
2021,Sep,9-11,9/9/21,12,Opinium,Ob,38.0,-2.0,38.0,3.0,8.0,1.0,6.0,0.0,,,,
2021,Sep,9-16,9/9/21,17,Panelbase,,41.0,,36.0,,10.0,,5.0,,,,,
2021,Sep,10-12,10/9/21,15,Savanta ComRes,,39.0,-1.0,35.0,-1.0,9.0,0.0,6.0,2.0,3.0,0.0,,
2021,Sep,10-14,10/9/21,17,Survation,,40.0,1.0,36.0,-1.0,9.0,-1.0,5.0,0.0,,,,
2021,Sep,11-12,11/9/21,,YouGov,,,,,,,,,,,,,
2021,Sep,13,13/9/21,13,R+W,,39.0,-2.0,35.0,3.0,9.0,-2.0,6.0,0.0,5.0,1.0,,
2021,Sep,15-16,15/9/21,17,YouGov,TT,39.0,6.0,35.0,0.0,7.0,-3.0,7.0,-2.0,3.0,-2.0,,
2021,Sep,16-17,16/9/21,19,Opinium,Ob,40.0,2.0,37.0,-1.0,7.0,-1.0,6.0,0.0,,,,
2021,Sep,16-17,16/9/21,,YouGov,,,,,,,,,,,,,
2021,Sep,17-19,17/9/21,22,Savanta ComRes,,40.0,1.0,35.0,0.0,9.0,0.0,5.0,-1.0,2.0,-1.0,,
2021,Sep,17-23,17/9/21,27,Ipsos,ES,39.0,-2.0,36.0,6.0,9.0,-4.0,6.0,-2.0,0.0,0.0,0.0,-1.0
2021,Sep,18-19,18/9/21,,YouGov,,,,,,,,,,,,,
2021,Sep,20,20/9/21,20,R+W,,41.0,2.0,35.0,0.0,8.0,-1.0,7.0,1.0,3.0,-2.0,,
2021,Sep,21-22,21/9/21,22,Survation,,40.0,0.0,35.0,-1.0,8.0,-1.0,4.0,-1.0,,,,
2021,Sep,22-23,22/9/21,24,YouGov,TT,39.0,0.0,32.0,-3.0,10.0,3.0,9.0,2.0,3.0,0.0,,
2021,Sep,23-27,23/9/21,30,Kantar,,43.0,6.0,30.0,-4.0,11.0,-3.0,6.0,1.0,1.0,-1.0,1.0,-1.0
2021,Sep,24-26,24/9/21,,YouGov,,,,,,,,,,,,,
2021,Sep,24-26,24/9/21,,YouGov,,,,,,,,,,,,,
2021,Sep,27,27/9/21,29,R+W,,41.0,0.0,35.0,0.0,10.0,2.0,5.0,-2.0,3.0,0.0,,
2021,Sep,27-28,29/9/21,,YouGov,,,,,,,,,,,,,
2021,Sep,28-29,28/9/21,30,YouGov,TT,39.0,0.0,31.0,-1.0,8.0,-2.0,9.0,0.0,4.0,1.0,,
2021,Sep,29,29/9/21,30,Survation,,41.0,1.0,36.0,1.0,8.0,0.0,5.0,1.0,,,,
2021,Sep,29-1,29/9/21,2,Opinium,Ob,39.0,-1.0,35.0,-2.0,8.0,1.0,6.0,0.0,,,,
2021,Oct,1-3,1/10/21,6,Savanta ComRes,,40.0,0.0,35.0,0.0,9.0,0.0,4.0,-1.0,3.0,1.0,,
2021,Oct,2-4,2/10/21,,YouGov,,,,,,,,,,,,,
2021,Oct,4,4/10/21,4,R+W,,40.0,-1.0,37.0,2.0,10.0,0.0,4.0,-1.0,3.0,0.0,,
2021,Oct,5-6,5/10/21,7,YouGov,TT,39.0,0.0,31.0,0.0,9.0,1.0,9.0,0.0,4.0,0.0,,
2021,Oct,6-7,6/10/21,11,Survation,DM,39.0,-2.0,35.0,-1.0,9.0,1.0,5.0,0.0,,,,
2021,Oct,8-10,8/10/21,14,Savanta ComRes,,40.0,0.0,35.0,0.0,8.0,-1.0,5.0,1.0,2.0,-1.0,,
2021,Oct,8-12,8/10/21,20,Ipsos,,,,,,,,,,,,,
2021,Oct,9-11,9/10/21,,YouGov,,,,,,,,,,,,,
2021,Oct,11,11/10/21,11,R+W,,40.0,0.0,36.0,-1.0,9.0,-1.0,6.0,2.0,4.0,1.0,,
2021,Oct,11-18,11/10/21,18,NCP,,40.0,,32.0,,6.0,,9.0,,3.0,,,
2021,Oct,12-13,12/10/21,14,YouGov,TT,41.0,2.0,31.0,0.0,9.0,0.0,8.0,-1.0,4.0,0.0,,
2021,Oct,13-15,13/10/21,17,Opinium,Ob,41.0,2.0,37.0,2.0,7.0,-1.0,5.0,-1.0,,,,
2021,Oct,13-15,13/10/21,17,Deltapoll,MoS,38.0,-3.0,37.0,4.0,9.0,0.0,6.0,-1.0,2.0,-1.0,2.0,-1.0
2021,Oct,14-18,14/10/21,21,Kantar,,39.0,-4.0,34.0,4.0,8.0,-3.0,8.0,2.0,2.0,1.0,1.0,0.0
2021,Oct,16-18,16/10/21,,YouGov,,,,,,,,,,,,,
2021,Oct,15-17,15/10/21,21,Savanta ComRes,,40.0,0.0,35.0,0.0,8.0,0.0,5.0,0.0,3.0,1.0,,
2021,Oct,18,18/10/21,18,R+W,,40.0,0.0,37.0,1.0,9.0,0.0,5.0,-1.0,3.0,-1.0,,
2021,Oct,20-21,20/10/21,22,YouGov,TT,37.0,-4.0,33.0,2.0,9.0,0.0,10.0,2.0,4.0,0.0,,
2021,Oct,22-24,22/10/21,27,Savanta ComRes,,37.0,-3.0,35.0,0.0,8.0,0.0,7.0,2.0,4.0,1.0,,
2021,Oct,23-25,23/10/21,25,YouGov,,,,,,,,,,,,,
2021,Oct,25,25/10/21,25,R+W,,39.0,-1.0,36.0,-1.0,10.0,1.0,6.0,1.0,4.0,1.0,,
2021,Oct,27-28,27/10/21,29,YouGov,TT,39.0,2.0,33.0,0.0,8.0,-1.0,10.0,0.0,3.0,-1.0,,
2021,Oct,27-29,27/10/21,30,Opinium,Ob,40.0,-1.0,35.0,-2.0,8.0,1.0,7.0,2.0,,,,
2021,Oct,29-31,29/10/21,4,Savanta ComRes,,40.0,3.0,35.0,0.0,9.0,1.0,4.0,-3.0,3.0,-1.0,,
2021,Oct,29-4,29/10/21,8,Ipsos,ES,35.0,-4.0,36.0,0.0,9.0,0.0,11.0,5.0,0.0,0.0,0.0,0.0
2021,Oct,30-1,30/10/21,1,YouGov,,,,,,,,,,,,,
2021,Nov,1,1/11/21,1,R+W,,40.0,1.0,35.0,-1.0,10.0,0.0,6.0,0.0,3.0,-1.0,,
2021,Nov,3-4,3/11/21,5,YouGov,TT,36.0,-3.0,35.0,2.0,8.0,0.0,9.0,-1.0,5.0,2.0,,
2021,Nov,3-5,3/11/21,7,Deltapoll,MoS,40.0,2.0,37.0,0.0,8.0,-1.0,6.0,0.0,2.0,0.0,2.0,0.0
2021,Nov,5-6,5/11/21,7,Opinium,Ob,37.0,-3.0,36.0,1.0,9.0,1.0,6.0,-1.0,,,,
2021,Nov,5-7,5/11/21,9,Savanta ComRes,,38.0,-2.0,35.0,0.0,10.0,1.0,4.0,0.0,3.0,0.0,,
2021,Nov,5-8,5/11/21,27,Find Out Now / Electoral Calculus,DT,36.0,-1.0,35.0,2.0,11.0,-1.0,8.0,0.0,2.0,-2.0,,
2021,Nov,6-8,6/11/21,,YouGov,,,,,,,,,,,,,
2021,Nov,8,8/11/21,8,R+W,,37.0,-3.0,36.0,1.0,10.0,0.0,6.0,0.0,5.0,2.0,,
2021,Nov,10,10/11/21,11,R+W,,36.0,-1.0,38.0,2.0,10.0,0.0,6.0,0.0,3.0,-2.0,,
2021,Nov,10-11,10/11/21,12,YouGov,TT,35.0,-1.0,35.0,0.0,8.0,0.0,10.0,1.0,4.0,-1.0,,
2021,Nov,10-12,10/11/21,14,Opinium,Ob,36.0,-1.0,37.0,1.0,9.0,0.0,7.0,1.0,,,,
2021,Nov,10-19,10/11/21,19,Panelbase,,38.0,-3.0,39.0,3.0,9.0,-1.0,6.0,1.0,,,,
2021,Nov,11-12,11/11/21,13,Savanta ComRes,DM,34.0,-4.0,40.0,5.0,10.0,0.0,5.0,1.0,3.0,0.0,,
2021,Nov,11-15,11/11/21,17,Survation,38 Degrees,37.0,-2.0,37.0,2.0,10.0,1.0,4.0,-1.0,2.0,,,
2021,Nov,13-15,13/11/21,,YouGov,,,,,,,,,,,,,
2021,Nov,15,15/11/21,15,R+W,,36.0,0.0,37.0,-1.0,10.0,0.0,5.0,-1.0,4.0,1.0,,
2021,Nov,16-17,16/11/22,3/1,YouGov,,,,,,,,,,,,,
2021,Nov,17-18,17/11/21,19,YouGov,TT,36.0,1.0,34.0,-1.0,7.0,-1.0,10.0,0.0,5.0,1.0,,
2021,Nov,18-22,18/11/21,25,Kantar,,39.0,0.0,36.0,2.0,10.0,2.0,5.0,-3.0,2.0,0.0,2.0,1.0
2021,Nov,19-21,19/11/21,24,Savanta ComRes,,36.0,2.0,38.0,-2.0,10.0,0.0,5.0,0.0,3.0,0.0,,
2021,Nov,19-23,19/11/21,29,Ipsos,,,,,,,,,,,,,
2021,Nov,20-22,20/11/21,,YouGov,,,,,,,,,,,,,
2021,Nov,21,21/11/21,22,R+W,,37.0,1.0,37.0,0.0,9.0,-1.0,6.0,1.0,4.0,0.0,,
2021,Nov,24-25,24/11/21,26,YouGov,TT,36.0,0.0,35.0,1.0,7.0,0.0,8.0,-2.0,6.0,1.0,,
2021,Nov,24-26,24/11/21,28,Opinium,Ob,36.0,0.0,38.0,1.0,8.0,-1.0,6.0,-1.0,,,,
2021,Nov,26-28,26/11/21,30,Savanta ComRes,,37.0,1.0,37.0,-1.0,8.0,-2.0,5.0,0.0,4.0,1.0,,
2021,Nov,27-29,27/11/21,,YouGov,,,,,,,,,,,,,
2021,Nov,29,29/11/21,29,R+W,,38.0,1.0,36.0,-1.0,10.0,1.0,6.0,0.0,4.0,0.0,,
2021,Nov,29-1,29/11/21,6,Find Out Now / Electoral Calculus,DT,36.0,0.0,35.0,0.0,11.0,0.0,8.0,0.0,3.0,1.0,,
2021,Nov,30-1,30/11/21,,YouGov,,,,,,,,,,,,,
2021,Nov,30-1,30/11/21,7,Survation,,36.0,-1.0,39.0,2.0,9.0,-1.0,3.0,-1.0,3.0,1.0,,
2021,Dec,1-2,1/12/21,3,YouGov,TT,36.0,0.0,33.0,-2.0,9.0,2.0,9.0,1.0,6.0,0.0,,
2021,Dec,1-21,1/12/21,25,Focaldata,TT,32.0,,40.0,,10.0,,7.0,,,,,
2021,Dec,2-3,2/12/20,3/1,YouGov,,,,,,,,,,,,,
2021,Dec,2-4,2/12/21,5,Deltapoll,Sun on Sunday,37.0,-3.0,38.0,1.0,10.0,2.0,5.0,-1.0,2.0,0.0,2.0,0.0
2021,Dec,3-5,3/12/21,7,Savanta ComRes,,38.0,1.0,37.0,0.0,9.0,1.0,5.0,0.0,2.0,-2.0,,
2021,Dec,3-10,3/12/21,13,Ipsos,ES,34.0,-1.0,39.0,3.0,11.0,2.0,7.0,-4.0,1.0,1.0,0.0,0.0
2021,Dec,4-6,4/12/21,,YouGov,,,,,,,,,,,,,
2021,Dec,6,6/12/21,6,R+W,,38.0,0.0,36.0,0.0,9.0,-1.0,6.0,0.0,4.0,0.0,,
2021,Dec,8,8/12/21,8,R+W,,34.0,-4.0,38.0,2.0,11.0,2.0,6.0,0.0,5.0,1.0,,
2021,Dec,8-9,8/12/21,9,YouGov,TT,33.0,-3.0,37.0,4.0,9.0,0.0,7.0,-2.0,6.0,0.0,,
2021,Dec,8-9,8/12/21,10,Survation,Mirror,34.0,-2.0,40.0,1.0,10.0,1.0,4.0,1.0,3.0,1.0,1.0,
2021,Dec,8-10,8/12/21,12,Opinium,Ob,32.0,-4.0,41.0,3.0,9.0,1.0,5.0,-1.0,,,,
2021,Dec,9,9/12/21,10,Focaldata,Times Radio,33.0,,41.0,,7.0,,6.0,,6.0,,,
2021,Dec,9-10,9/12/21,11,Savanta ComRes,DM,33.0,-5.0,39.0,2.0,9.0,0.0,4.0,-1.0,4.0,2.0,,
2021,Dec,9-10,9/12/21,11,YouGov,TT,32.0,-1.0,40.0,3.0,8.0,-1.0,7.0,0.0,7.0,1.0,,
2021,Dec,9-13,9/12/21,16,Kantar,,34.0,-5.0,38.0,2.0,11.0,1.0,7.0,2.0,3.0,1.0,2.0,0.0
2021,Dec,10-11,10/12/21,13,Survation,ITV,32.0,-2.0,39.0,-1.0,9.0,-1.0,5.0,1.0,4.0,1.0,1.0,0.0
2021,Dec,11-13,11/12/21,,YouGov,,,,,,,,,,,,,
2021,Dec,13,13/12/21,13,R+W,,32.0,-2.0,37.0,-1.0,11.0,0.0,7.0,1.0,7.0,2.0,,
2021,Dec,13-14,13/12/21,,Survation,38 Degrees,34.0,2.0,40.0,1.0,8.0,-1.0,4.0,-1.0,3.0,-1.0,1.0,0.0
2021,Dec,13-14,13/12/21,27,Survation,38 Degrees,35.0,,41.0,,9.0,,5.0,,,,,
2021,Dec,14-15,14/2/21,16,YouGov,TT,32.0,0.0,37.0,-3.0,10.0,2.0,7.0,0.0,6.0,-1.0,,
2021,Dec,14-15,14/12/21,17,Find Out Now / Electoral Calculus,DT,30.0,-6.0,38.0,3.0,10.0,-1.0,10.0,2.0,7.0,4.0,,
2021,Dec,16,16/12/21,17,Savanta ComRes,DE,34.0,1.0,38.0,-1.0,10.0,1.0,4.0,0.0,4.0,0.0,,
2021,Dec,17-19,17/12/21,22,Savanta ComRes,,32.0,-2.0,37.0,-1.0,13.0,3.0,5.0,1.0,4.0,0.0,,
2021,Dec,17-28,17/12/21,,Techne,,32.0,,37.0,,11.0,,4.0,,,,,
2021,Dec,18-20,18/12/21,,YouGov,,,,,,,,,,,,,
2021,Dec,19-20,19/12/21,22,YouGov,TT,30.0,-2.0,36.0,-1.0,12.0,2.0,8.0,1.0,5.0,-1.0,,
2021,Dec,20,20/12/21,20,R+W,,31.0,-1.0,39.0,2.0,13.0,2.0,6.0,-1.0,5.0,-2.0,,
2021,Dec,20-21,20/12/21,22,Focaldata,,34.0,1.0,41.0,0.0,9.0,2.0,4.0,-2.0,3.0,-3.0,,
2021,Dec,21-23,21/12/21,26,Opinium,Ob,32.0,0.0,39.0,-2.0,11.0,2.0,6.0,1.0,,,,
2021,Dec,23-30,23/12/21,2,Deltapoll,MoS,35.0,-2.0,40.0,2.0,10.0,0.0,4.0,-1.0,3.0,1.0,1.0,-1.0
2021,Dec,25-27,25/12/21,4/1,YouGov,,,,,,,,,,,,,
2022,Jan,1-3,1/1/22,4/1,YouGov,,,,,,,,,,,,,
2022,Jan,3,3/1/22,3,R+W,,35.0,4.0,38.0,-1.0,10.0,-3.0,5.0,-1.0,4.0,-1.0,,
2022,Jan,5-7,5/1/22,9,Opinium,Ob,34.0,2.0,39.0,0.0,11.0,0.0,5.0,-1.0,,,,
2022,Jan,6-7,6/1/22,10,YouGov,TT,33.0,3.0,37.0,1.0,10.0,-2.0,6.0,-2.0,5.0,0.0,,
2022,Jan,7-9,7/1/22,11,Savanta ComRes,,33.0,1.0,37.0,0.0,11.0,-2.0,5.0,0.0,4.0,0.0,,
2022,Jan,7-10,7/1/22,12,Ipsos,,,,,,,,,,,,,
2022,Jan,8-10,8/1/22,11,YouGov,,,,,,,,,,,,,
2022,Jan,10,10/1/22,10,R+W,,35.0,0.0,39.0,1.0,12.0,2.0,5.0,0.0,4.0,0.0,,
2022,Jan,11-12,11/1/22,13,YouGov,TT,28.0,-5.0,38.0,1.0,13.0,3.0,7.0,1.0,4.0,-1.0,,
2022,Jan,11-23,11/1/22,27-Feb,JL Partners,ST,31.0,,45.0,,11.0,,8.0,,,,,
2022,Jan,12-13,12/1/22,13,Focaldata,,33.0,-1.0,42.0,1.0,11.0,2.0,4.0,0.0,3.0,0.0,,
2022,Jan,12-13,12/1/22,14,YouGov,TT,29.0,1.0,40.0,2.0,11.0,-2.0,6.0,1.0,6.0,2.0,,
2022,Jan,12-14,12/1/22,16,Opinium,Ob,31.0,-3.0,41.0,2.0,9.0,-2.0,6.0,1.0,,,,
2022,Jan,12-16,12/1/22,17,Deltapoll,,32.0,-3.0,41.0,1.0,11.0,1.0,5.0,1.0,2.0,-1.0,2.0,1.0
2022,Jan,13,13/1/22,14,Find Out Now / Electoral Calculus,,27.0,-3.0,41.0,3.0,11.0,1.0,8.0,-2.0,5.0,-2.0,,
2022,Jan,13-14,13/1/22,14,Savanta ComRes,,32.0,-1.0,42.0,5.0,11.0,0.0,4.0,-1.0,2.0,-2.0,,
2022,Jan,13-14,13/1/22,18,YouGov,TT,31.0,2.0,39.0,-1.0,11.0,0.0,6.0,0.0,5.0,-1.0,,
2022,Jan,14-16,14/1/22,19,Savanta ComRes,,32.0,0.0,41.0,-1.0,11.0,0.0,4.0,0.0,3.0,1.0,,
2022,Jan,14-17,14/1/22,21,Survation,38 Degrees,33.0,-1.0,43.0,3.0,10.0,2.0,3.0,-1.0,2.0,-1.0,1.0,0.0
2022,Jan,14-18,14/1/22,20,Ipsos,,,,,,,,,,,,,
2022,Jan,15-17,15/1/22,17,YouGov,,,,,,,,,,,,,
2022,Jan,17,17/1/22,17,R+W,,30.0,-5.0,43.0,4.0,9.0,-3.0,7.0,2.0,4.0,0.0,,
2022,Jan,17-18,17/1/22,,YouGov,,,,,,,,,,,,,
2022,Jan,19-25,19/1/22,27,Ipsos,ES,31.0,-3.0,40.0,1.0,13.0,2.0,9.0,2.0,0.0,-1.0,1.0,1.0
2022,Jan,20-21,20/1/22,24,YouGov,TT,32.0,1.0,39.0,0.0,8.0,-3.0,8.0,2.0,4.0,-1.0,,
2022,Jan,20-24,20/1/22,27,Kantar,,34.0,0.0,38.0,0.0,11.0,0.0,7.0,0.0,2.0,-1.0,1.0,-1.0
2022,Jan,21-23,21/1/22,25,Savanta ComRes,,32.0,0.0,40.0,-1.0,11.0,0.0,4.0,0.0,3.0,0.0,,
2022,Jan,22-24,22/1/22,25,YouGov,,,,,,,,,,,,,
2022,Jan,24,24/1/22,24,R+W,,34.0,4.0,41.0,-2.0,11.0,2.0,5.0,-2.0,3.0,-1.0,,
2022,Jan,23,25/1/22,27,Survation,,35.0,2.0,40.0,-3.0,10.0,0.0,3.0,0.0,3.0,1.0,0.0,-1.0
2022,Jan,25-27,25/1/22,30,Deltapoll,Mirror,32.0,0.0,42.0,1.0,10.0,-1.0,6.0,1.0,1.0,-1.0,1.0,-1.0
2022,Jan,26-27,26/1/22,28,YouGov,TT,32.0,0.0,38.0,-1.0,11.0,3.0,7.0,-1.0,3.0,-1.0,,
2022,Jan,27-28,27/1/22,30,Opinium,Ob,34.0,3.0,39.0,-2.0,9.0,0.0,5.0,-1.0,,,,
2022,Jan,27,27/1/22,4/2,Techne,,31.0,-1.0,38.0,1.0,12.0,1.0,6.0,2.0,,,,
2022,Jan,28-30,28/1/22,1,Savanta ComRes,,33.0,1.0,44.0,4.0,9.0,-2.0,3.0,-1.0,3.0,0.0,,
2022,Jan,28-31,28/1/22,11,YouGov,,,,,,,,,,,,,
2022,Jan,29-31,29/1/22,1,YouGov,,,,,,,,,,,,,
2022,Jan,31,31/1/22,31,R+W,,33.0,-1.0,40.0,-1.0,11.0,0.0,6.0,1.0,3.0,0.0,,
2022,Feb,1-2,1/2/22,7,YouGov,TT,32.0,0.0,41.0,3.0,10.0,-1.0,6.0,-1.0,4.0,1.0,,
2022,Feb,1-2,1/2/22,7,Ipsos,,,,,,,,,,,,,
2022,Feb,1-2,1/2/22,4,Techne,,32.0,1.0,40.0,2.0,10.0,-2.0,6.0,0.0,,,,
2022,Feb,3-4,3/2/22,6,Deltapoll,Sun on Sunday,34.0,2.0,41.0,-1.0,10.0,0.0,5.0,-1.0,2.0,1.0,2.0,1.0
2022,Feb,4-6,4/2/22,9,Savanta ComRes,,33.0,0.0,42.0,-2.0,9.0,0.0,5.0,2.0,3.0,0.0,,
2022,Feb,5-7,5/3/22,,YouGov,,,,,,,,,,,,,
2022,Feb,7,7/2/22,7,R+W,,32.0,-1.0,42.0,2.0,9.0,-2.0,6.0,0.0,4.0,1.0,,
2022,Feb,8-9,8/2/22,11,YouGov,,,,,,,,,,,,,
2022,Feb,8-9,8/2/22,11,Techne,,33.0,1.0,41.0,1.0,9.0,-1.0,6.0,0.0,,,,
2022,Feb,9-11,9/2/22,13,Opinium,Ob,32.0,-2.0,42.0,3.0,9.0,0.0,5.0,0.0,,,,
2022,Feb,9-11,9/2/22,13,Opinium,Ob,34.0,,37.0,,11.0,,6.0,,,,,
2022,Feb,10-11,10/2/22,14,YouGov,TT,34.0,2.0,37.0,-4.0,10.0,0.0,8.0,2.0,4.0,0.0,,
2022,Feb,11-13,11/2/22,16,Savanta ComRes,Ind,32.0,-1.0,41.0,-1.0,11.0,2.0,4.0,-1.0,3.0,0.0,,
2022,Feb,12-13,12/2/22,16,YouGov,,,,,,,,,,,,,
2022,Feb,14,14/2/22,14,R+W,,33.0,1.0,38.0,-4.0,11.0,2.0,6.0,0.0,5.0,1.0,,
2022,Feb,14-18,14/2/22,24,Find Out Now / Electoral Calculus,,32.0,5.0,38.0,-3.0,13.0,2.0,7.0,-1.0,3.0,-2.0,,
2022,Feb,16-17,16/2/22,18,Techne,,34.0,1.0,39.0,-2.0,10.0,1.0,6.0,0.0,,,,
2022,Feb,16-17,16/2/22,18,YouGov,TT,34.0,0.0,38.0,1.0,10.0,0.0,6.0,-2.0,4.0,0.0,,
2022,Feb,17-18,17/2/22,24,YouGov,,,,,,,,,,,,,
2022,Feb,17-21,17/2/22,23,Survation,,35.0,0.0,42.0,2.0,9.0,-1.0,3.0,0.0,2.0,-1.0,0.0,0.0
2022,Feb,17-21,17/2/22,24,Kantar,,34.0,0.0,39.0,1.0,12.0,1.0,6.0,-1.0,2.0,0.0,1.0,0.0
2022,Feb,18-20,18/2/22,24,Savanta ComRes,Ind,33.0,1.0,40.0,-1.0,11.0,0.0,5.0,1.0,3.0,0.0,,
2022,Feb,19-21,19/2/22,22,YouGov,,,,,,,,,,,,,
2022,Feb,21,21/2/22,21,R+W,,33.0,0.0,39.0,1.0,11.0,0.0,7.0,1.0,4.0,-1.0,,
2022,Feb,21-27,21/2/22,1,NCP,ITV,35.0,,42.0,,8.0,,6.0,,2.0,,,
2022,Feb,23-24,23/2/22,25,Techne,,35.0,1.0,39.0,0.0,9.0,-1.0,6.0,0.0,,,,
2022,Feb,23-25,23/2/22,27,Opinium,Ob,34.0,0.0,38.0,1.0,11.0,0.0,6.0,0.0,,,,
2022,Feb,24-25,24/2/22,28,YouGov,TT,34.0,0.0,39.0,1.0,9.0,-1.0,6.0,0.0,5.0,1.0,,
2022,Feb,25-27,25/2/22,3,Savanta ComRes,,34.0,1.0,42.0,2.0,9.0,-2.0,3.0,-2.0,3.0,0.0,,
2022,Feb,26-28,26/2/22,1,YouGov,,,,,,,,,,,,,
2022,Feb,28,28/2/22,28,R+W,,35.0,2.0,38.0,-1.0,12.0,1.0,5.0,-2.0,4.0,0.0,,
2022,Mar,1-2,1/3/22,3,YouGov,,,,,,,,,,,,,
2022,Mar,2-3,2/3/22,4,Techne,,35.0,0.0,38.0,-1.0,10.0,1.0,6.0,0.0,,,,
2022,Mar,3-4,3/3/22,8,YouGov,TT,35.0,1.0,37.0,-2.0,7.0,-2.0,8.0,2.0,5.0,0.0,,
2022,Mar,4-6,4/3/22,9,Savanta ComRes,,34.0,0.0,41.0,-1.0,9.0,0.0,4.0,1.0,3.0,0.0,,
2022,Mar,4-7,4/3/22,11,Ipsos,,,,,,,,,,,,,
2022,Mar,4-7,4/3/22,24,Survation,38 Degrees,37.0,2.0,40.0,-1.0,9.0,0.0,5.0,0.0,,,,
2022,Mar,5-7,5/3/22,8,YouGov,,,,,,,,,,,,,
2022,Mar,7,7/3/22,7,R+W,,37.0,2.0,40.0,2.0,10.0,-2.0,5.0,0.0,2.0,-2.0,,
2022,Mar,8-9,8/3/22,10,YouGov,TT,33.0,-2.0,39.0,2.0,10.0,3.0,7.0,-1.0,4.0,-1.0,,
2022,Mar,8-11,8/3/22,11,Deltapoll,,34.0,0.0,40.0,-1.0,10.0,0.0,5.0,0.0,2.0,0.0,1.0,-1.0
2022,Mar,9-10,9/3/22,11,Techne,,36.0,1.0,38.0,0.0,9.0,-1.0,6.0,0.0,,,,
2022,Mar,9-11,9/3/22,12,Opinium,Ob,35.0,1.0,37.0,-1.0,9.0,-2.0,7.0,1.0,,,,
2022,Mar,9-16,9/3/22,18,Ipsos,ES,35.0,4.0,39.0,-1.0,10.0,-3.0,7.0,-2.0,1.0,1.0,1.0,0.0
2022,Mar,11-13,11/3/22,18,Savanta ComRes,Ind,35.0,1.0,40.0,-1.0,9.0,0.0,3.0,-1.0,3.0,0.0,,
2022,Mar,12-14,12/3/22,15,YouGov,,,,,,,,,,,,,
2022,Mar,13,13/3/22,14,R+W,,36.0,-1.0,39.0,-1.0,10.0,0.0,6.0,1.0,4.0,2.0,,
2022,Mar,14-15,14/3/22,17,YouGov,,,,,,,,,,,,,
2022,Mar,16-17,16/3/22,18,YouGov,TT,33.0,0.0,39.0,0.0,10.0,0.0,7.0,0.0,4.0,0.0,,
2022,Mar,16-17,16/3/22,18,Techne,,35.0,-1.0,39.0,1.0,10.0,1.0,6.0,0.0,,,,
2022,Mar,17-21,17/3/22,24,Kantar,,36.0,2.0,36.0,-3.0,12.0,0.0,6.0,0.0,3.0,1.0,1.0,0.0
2022,Mar,18-20,18/3/22,23,Savanta ComRes,Ind,35.0,0.0,39.0,-1.0,10.0,1.0,4.0,1.0,3.0,0.0,,
2022,Mar,19-21,19/3/22,22,YouGov,,,,,,,,,,,,,
2022,Mar,20,20/3/22,21,R+W,,35.0,-1.0,40.0,1.0,11.0,1.0,7.0,1.0,2.0,-2.0,,
2022,Mar,22-23,22/3/22,25,YouGov,TT,35.0,2.0,36.0,-3.0,9.0,-1.0,8.0,1.0,5.0,1.0,,
2022,Mar,23-24,23/3/22,25,Techne,DE,35.0,0.0,40.0,1.0,10.0,0.0,5.0,-1.0,,,,
2022,Mar,23-24,23/3/22,25,YouGov,TT,35.0,0.0,37.0,1.0,10.0,1.0,7.0,-1.0,4.0,-1.0,,
2022,Mar,23-25,23/3/22,27,Opinium,Ob,36.0,1.0,38.0,1.0,9.0,0.0,7.0,0.0,,,,
2022,Mar,25-27,25/3/22,29,Savanta ComRes,,35.0,0.0,39.0,0.0,11.0,1.0,3.0,-1.0,3.0,0.0,,
2022,Mar,26-28,26/3/22,30,YouGov,,,,,,,,,,,,,
2022,Mar,27,27/3/22,28,R+W,,35.0,0.0,37.0,-3.0,9.0,-2.0,5.0,-2.0,5.0,3.0,,
2022,Mar,28-30,28/3/22,31,Survation,,35.0,0.0,42.0,0.0,9.0,0.0,3.0,0.0,2.0,0.0,1.0,1.0
2022,Mar,29-30,29/3/22,1,YouGov,TT,33.0,-2.0,37.0,0.0,9.0,-1.0,6.0,-1.0,5.0,1.0,,
2022,Mar,30-31,30/3/22,1,Techne,,36.0,1.0,39.0,-1.0,9.0,-1.0,5.0,0.0,,,,
2022,Apr,1-3,1/4/22,5,Savanta ComRes,,33.0,-2.0,40.0,1.0,11.0,0.0,4.0,1.0,3.0,0.0,,
2022,Apr,1-3,1/4/22,6,Ipsos,,,,,,,,,,,,,
2022,Apr,2-4,2/4/22,5,YouGov,,,,,,,,,,,,,
2022,Apr,3,3/4/22,4,R+W,,36.0,1.0,42.0,5.0,9.0,0.0,4.0,-1.0,3.0,-2.0,,
2022,Apr,4-5,4/4/22,6,YouGov,,,,,,,,,,,,,
2022,Apr,6-7,6/4/22,8,Techne,,35.0,-1.0,40.0,1.0,10.0,1.0,4.0,-1.0,,,,
2022,Apr,6-7,6/4/22,12,YouGov,TT,34.0,1.0,37.0,0.0,10.0,1.0,7.0,4.0,4.0,-1.0,,
2022,Apr,6-8,6/4/22,10,Opinium,Ob,34.0,-2.0,38.0,0.0,10.0,1.0,7.0,0.0,,,,
2022,Apr,6-14,6/4/22,15-May,Focaldata,Best for Britain,34.0,1.0,43.0,1.0,9.0,-2.0,5.0,1.0,4.0,1.0,,
2022,Apr,7-11,7/4/22,14,Kantar,,34.0,-2.0,37.0,1.0,11.0,-1.0,7.0,1.0,4.0,1.0,2.0,1.0
2022,Apr,8-10,8/4/22,13,Savanta ComRes,Ind,34.0,1.0,40.0,0.0,9.0,-2.0,4.0,0.0,3.0,0.0,,
2022,Apr,8-10,8/4/22,,YouGov,,,,,,,,,,,,,
2022,Apr,9-11,9/4/22,12,YouGov,,,,,,,,,,,,,
2022,Apr,10,10/4/22,11,R+W,,34.0,-2.0,42.0,0.0,8.0,-1.0,5.0,1.0,4.0,1.0,,
2022,Apr,11-12,11/4/22,,YouGov,,,,,,,,,,,,,
2022,Apr,13-14,13/4/22,15,Techne,DE,34.0,-1.0,41.0,1.0,9.0,-1.0,5.0,1.0,,,,
2022,Apr,13-14,13/4/22,16,YouGov,TT,33.0,-1.0,38.0,1.0,10.0,0.0,7.0,0.0,5.0,1.0,,
2022,Apr,13-14,13/4/22,17,Deltapoll,MoS,32.0,-2.0,43.0,3.0,9.0,-1.0,6.0,1.0,2.0,0.0,2.0,1.0
2022,Apr,15-26,14/4/22,14-May,Opinium,Progressive Britain,35.0,1.0,37.0,-1.0,10.0,0.0,7.0,0.0,,,,
2022,Apr,16-18,16/4/22,19,YouGov,,,,,,,,,,,,,
2022,Apr,17,17/4/22,18,R+W,,34.0,0.0,42.0,0.0,10.0,2.0,5.0,0.0,3.0,-1.0,,
2022,Apr,19-20,19/4/22,22,YouGov,TT,33.0,0.0,39.0,1.0,9.0,-1.0,8.0,1.0,3.0,-2.0,,
2022,Apr,20-21,20/4/22,22,Techne,DE,34.0,0.0,40.0,-1.0,10.0,1.0,5.0,0.0,,,,
2022,Apr,20-22,20/4/22,24,Opinium,Ob,34.0,-1.0,36.0,-1.0,10.0,0.0,8.0,1.0,,,,
2022,Apr,20-28,20/4/22,29,Ipsos,ES,35.0,0.0,40.0,1.0,10.0,0.0,7.0,0.0,0.0,-1.0,1.0,0.0
2022,Apr,22-24,22/4/22,30,Savanta ComRes,Ind,34.0,0.0,40.0,0.0,11.0,2.0,3.0,-1.0,3.0,0.0,,
2022,Apr,22-26,22/4/22,29,Survation,ITV,33.0,-2.0,42.0,0.0,9.0,0.0,4.0,1.0,2.0,0.0,,
2022,Apr,23-25,23/4/22,26,YouGov,,,,,,,,,,,,,
2022,Apr,24,24/4/22,25,R+W,,34.0,0.0,42.0,0.0,11.0,1.0,4.0,-1.0,4.0,1.0,,
2022,Apr,26-27,26/4/22,28,YouGov,TT,33.0,0.0,39.0,0.0,11.0,2.0,6.0,-2.0,3.0,0.0,,
2022,Apr,27-28,27/4/22,29,Techne,DE,35.0,1.0,40.0,0.0,9.0,-1.0,6.0,1.0,,,,
2022,Apr,29-1,29/4/22,4,Savanta ComRes,,35.0,1.0,41.0,1.0,9.0,-2.0,4.0,1.0,3.0,0.0,,
2022,Apr,30-2,30/4/22,3,YouGov,,,,,,,,,,,,,
2022,May,1,1/5/22,2,R+W,,33.0,-1.0,41.0,-1.0,12.0,1.0,5.0,1.0,3.0,-1.0,,
2022,May,4-5,4/5/22,6,Techne,DE,34.0,-1.0,40.0,0.0,10.0,1.0,5.0,-1.0,,,,
2022,May,5-6,5/5/22,10,YouGov,,35.0,2.0,36.0,-3.0,10.0,-1.0,8.0,2.0,4.0,1.0,,
2022,May,6-8,6/5/22,10,Savanta ComRes,,34.0,-1.0,39.0,-2.0,11.0,2.0,3.0,-1.0,3.0,0.0,,
2022,May,6-9,6/5/22,,Ipsos,,,,,,,,,,,,,
2022,May,6-10,6/5/22,12,Ipsos,,,,,,,,,,,,,
2022,May,7-8,7/5/22,9,YouGov,,,,,,,,,,,,,
2022,May,7-9,7/5/22,,YouGov,,,,,,,,,,,,,
2022,May,8,8/5/22,9,R+W,,33.0,0.0,39.0,-2.0,12.0,0.0,7.0,2.0,2.0,-1.0,,
2022,May,9-10,9/5/22,12,YouGov,,,,,,,,,,,,,
2022,May,9-12,9/5/22,23,Find Out Now / Electoral Calculus,,34.0,,44.0,,8.0,,2.0,,4.0,,,
2022,May,10-11,10/5/22,13,YouGov,TT,33.0,-2.0,38.0,2.0,12.0,2.0,6.0,-2.0,3.0,-1.0,,
2022,May,11-12,11/5/22,13,Techne,DE,34.0,0.0,39.0,-1.0,11.0,1.0,6.0,1.0,,,,
2022,May,11-13,11/5/22,15,Opinium,Ob,34.0,0.0,37.0,1.0,12.0,2.0,7.0,-1.0,,,,
2022,May,11-17,11/5/22,19,Ipsos,ES,33.0,-2.0,39.0,-1.0,12.0,2.0,5.0,-2.0,1.0,1.0,1.0,0.0
2022,May,13-15,13/5/22,19,Savanta ComRes,,34.0,0.0,41.0,2.0,10.0,-1.0,4.0,1.0,2.0,-1.0,,
2022,May,14-16,14/5/22,17,YouGov,,,,,,,,,,,,,
2022,May,15,15/5/22,16,R+W,,35.0,2.0,39.0,0.0,12.0,0.0,6.0,-1.0,3.0,1.0,,
2022,May,16-17,16/5/22,06-Jun,YouGov,,,,,,,,,,,,,
2022,May,18,18/5/22,19,R+W,,33.0,-2.0,39.0,0.0,12.0,0.0,4.0,-2.0,5.0,2.0,,
2022,May,18-19,18/5/22,20,YouGov,TT,31.0,-2.0,39.0,1.0,12.0,0.0,7.0,1.0,4.0,1.0,,
2022,May,18-19,18/5/22,20,Techne,DE,35.0,1.0,39.0,0.0,10.0,-1.0,6.0,0.0,,,,
2022,May,18-19,18/5/22,20,Savanta ComRes,DM,34.0,0.0,40.0,-1.0,10.0,0.0,4.0,0.0,2.0,0.0,,
2022,May,19-23,19/5/22,26,Kantar,,32.0,-2.0,38.0,1.0,13.0,2.0,8.0,1.0,3.0,-1.0,1.0,-1.0
2022,May,20-22,20/5/22,25,Savanta ComRes,Ind,34.0,0.0,40.0,0.0,10.0,0.0,5.0,1.0,2.0,0.0,,
2022,May,21-23,21/5/22,24,YouGov,,,,,,,,,,,,,
2022,May,22,22/5/22,23,R+W,,33.0,0.0,39.0,0.0,12.0,0.0,5.0,1.0,4.0,-1.0,,
2022,May,24-25,24/5/22,1,YouGov,TT,31.0,0.0,39.0,0.0,12.0,0.0,7.0,0.0,4.0,0.0,,
2022,May,25,25/5/22,26,R+W,,31.0,-2.0,40.0,1.0,14.0,2.0,5.0,0.0,3.0,-1.0,,
2022,May,25-26,25/5/22,27,Techne,DE,33.0,-2.0,40.0,1.0,11.0,1.0,6.0,0.0,,,,
2022,May,25-26,25/5/22,,Ipsos,,,,,,,,,,,,,
2022,May,25-27,25/5/22,29,Opinium,Ob,33.0,-1.0,36.0,-1.0,11.0,-1.0,8.0,1.0,,,,
2022,May,27-29,27/5/22,31,Savanta ComRes,,31.0,-3.0,42.0,2.0,11.0,1.0,3.0,-2.0,3.0,1.0,,
2022,May,28-30,28/5/22,1,YouGov,,,,,,,,,,,,,
2022,May,29,29/5/22,30,R+W,,36.0,5.0,43.0,3.0,10.0,-4.0,5.0,0.0,2.0,-1.0,,
2022,May,31-1,31/5/22,3,Techne,DE,32.0,-1.0,40.0,0.0,12.0,1.0,6.0,0.0,,,,
2022,Jun,1,1/6/22,2,R+W,,33.0,-3.0,39.0,-4.0,12.0,2.0,6.0,1.0,4.0,2.0,,
2022,Jun,1-3,1/6/22,10,YouGov,TT,32.0,1.0,36.0,-3.0,12.0,0.0,8.0,1.0,4.0,0.0,,
2022,Jun,4-6,4/6/22,,YouGov,,,,,,,,,,,,,
2022,Jun,5,5/6/22,6,R+W,,34.0,1.0,38.0,-1.0,11.0,-1.0,7.0,1.0,4.0,0.0,,
2022,Jun,7-8,7/6/22,,Ipsos,,,,,,,,,,,,,
2022,Jun,8-9,8/6/22,9,R+W,,32.0,-2.0,40.0,2.0,13.0,2.0,5.0,-2.0,4.0,0.0,,
2022,Jun,8-9,8/6/22,10,Techne,DE,33.0,1.0,39.0,-1.0,12.0,0.0,6.0,0.0,,,,
2022,Jun,8-9,8/6/22,15-Jun,YouGov,TT,32.0,0.0,39.0,3.0,11.0,-1.0,7.0,-1.0,3.0,-1.0,,
2022,Jun,8-10,8/6/22,12,Opinium,Ob,34.0,1.0,36.0,0.0,13.0,2.0,6.0,-2.0,,,,
2022,Jun,9-10,9/6/22,,YouGov,,,,,,,,,,,,,
2022,Jun,10,10/6/22,17,Survation,,34.0,1.0,41.0,-1.0,10.0,1.0,3.0,-1.0,2.0,0.0,1.0,
2022,Jun,10-12,10/6/22,15,Savanta ComRes,,34.0,3.0,40.0,-2.0,10.0,-1.0,4.0,1.0,2.0,-1.0,,
2022,Jun,10-13,10/6/22,15,Ipsos,,,,,,,,,,,,,
2022,Jun,11-13,11/6/22,14,YouGov,,,,,,,,,,,,,
2022,Jun,12,12/6/22,13,R+W,,32.0,0.0,39.0,1.0,15.0,2.0,6.0,1.0,2.0,-2.0,,
2022,Jun,15,15/6/22,16,R+W,,34.0,2.0,42.0,3.0,12.0,-3.0,4.0,-2.0,3.0,1.0,,
2022,Jun,15-16,15/6/22,17,Techne,DE,33.0,0.0,39.0,0.0,13.0,1.0,5.0,-1.0,,,,
2022,Jun,15-16,15/6/22,17,YouGov,TT,33.0,1.0,39.0,0.0,10.0,-1.0,6.0,-1.0,4.0,1.0,,
2022,Jun,16-20,16/6/22,23,Kantar,,34.0,2.0,36.0,-2.0,13.0,0.0,5.0,-3.0,4.0,1.0,2.0,1.0
2022,Jun,17-19,17/6/22,23,Savanta ComRes,,31.0,-3.0,42.0,2.0,10.0,0.0,5.0,1.0,3.0,1.0,,
2022,Jun,18-20,18/6/22,21,YouGov,,,,,,,,,,,,,
2022,Jun,19,19/6/22,20,R+W,,33.0,-1.0,40.0,-2.0,13.0,1.0,5.0,1.0,5.0,2.0,,
2022,Jun,22,22/6/22,24,R+W,,32.0,-1.0,41.0,1.0,13.0,0.0,5.0,0.0,4.0,-1.0,,
2022,Jun,22-23,22/4/22,24,Techne,DE,32.0,-1.0,38.0,1.0,14.0,1.0,6.0,1.0,,,,
2022,Jun,22-23,22/6/22,28,YouGov,TT,34.0,1.0,39.0,0.0,9.0,-1.0,8.0,2.0,4.0,0.0,,
2022,Jun,22-24,22/6/22,26,Opinium,Ob,34.0,0.0,37.0,1.0,11.0,-2.0,6.0,0.0,,,,
2022,Jun,22-29,22/6/22,1,Ipsos,ES,30.0,-3.0,41.0,2.0,15.0,3.0,6.0,1.0,1.0,0.0,0.0,-1.0
2022,Jun,24-26,24/6/22,29,Savanta ComRes,,34.0,3.0,41.0,-1.0,10.0,0.0,5.0,0.0,1.0,-2.0,,
2022,Jun,24-26,24/6/22,29,YouGov,,,,,,,,,,,,,
2022,Jun,25-27,25/6/22,28,YouGov,,,,,,,,,,,,,
2022,Jun,26,26/6/22,27,R+W,,33.0,1.0,41.0,0.0,15.0,2.0,4.0,-1.0,3.0,-1.0,,
2022,Jun,27,27/6/22,4,Survation,,35.0,1.0,43.0,2.0,11.0,1.0,2.0,-1.0,1.0,-1.0,1.0,0.0
2022,Jun,28-29,28/6/22,30,YouGov,TT,33.0,-1.0,36.0,-3.0,13.0,4.0,6.0,-2.0,3.0,-1.0,,
2022,Jun,28-1,28/6/22,6,BMG,The i,32.0,,42.0,,11.0,,4.0,,4.0,,,
2022,Jun,29-30,29/6/22,30,R+W,,32.0,-1.0,40.0,-1.0,13.0,-2.0,4.0,0.0,3.0,0.0,,
2022,Jun,29-30,29/6/22,1,Techne,DE,33.0,1.0,39.0,1.0,13.0,-1.0,5.0,-1.0,,,,
2022,Jul,1-3,1/7/22,5,Savanta ComRes,,32.0,-2.0,41.0,0.0,11.0,1.0,3.0,-2.0,4.0,3.0,,
2022,Jul,2-4,2/7/22,,YouGov,,,,,,,,,,,,,
2022,Jul,3,3/7/22,4,R+W,,35.0,3.0,41.0,1.0,11.0,-2.0,5.0,1.0,5.0,2.0,,
2022,Jul,6,6/7/22,6,Savanta ComRes,,,,,,,,,,,,,
2022,Jul,6,6/7/22,7,Opinium,ITV,,,,,,,,,,,,
2022,Jul,6,6/7/22,8,Survation,,31.0,-4.0,45.0,2.0,11.0,0.0,3.0,1.0,2.0,1.0,1.0,0.0
2022,Jul,6-7,6/7/22,7,YouGov,TT,29.0,-4.0,40.0,4.0,15.0,2.0,6.0,0.0,3.0,0.0,,
2022,Jul,6-8,6/7/22,10,Opinium,Ob,33.0,-1.0,38.0,1.0,12.0,1.0,6.0,0.0,,,,
2022,Jul,7,7/7/22,7,R+W,,31.0,-4.0,43.0,2.0,12.0,1.0,7.0,2.0,2.0,-3.0,,
2022,Jul,7,7/7/22,8,Techne,DE,29.0,-4.0,41.0,2.0,14.0,1.0,6.0,1.0,,,,
2022,Jul,8-10,8/7/22,11,Savanta ComRes,,28.0,-4.0,43.0,2.0,12.0,1.0,4.0,1.0,3.0,-1.0,,
2022,Jul,9-11,9/7/22,12,YouGov,,,,,,,,,,,,,
2022,Jul,10,10/7/22,11,R+W,,31.0,0.0,42.0,-1.0,12.0,0.0,5.0,-2.0,5.0,3.0,,
2022,Jul,10-11,10/7/22,14,YouGov,,,,,,,,,,,,,
2022,Jul,10-24,10/7/22,27,YouGov,,,,,,,,,,,,,
2022,Jul,12-14,12/7/22,17,JL Partners,STel ,31.0,,42.0,,12.0,,6.0,,3.0,,1.0,
2022,Jul,13-14,13/7/22,15,YouGov,TT,29.0,0.0,40.0,0.0,13.0,-2.0,7.0,1.0,4.0,1.0,,
2022,Jul,14,14/7/22,15,Techne,DE,31.0,2.0,40.0,-1.0,13.0,-1.0,6.0,0.0,,,,
2022,Jul,14-18,14/7/22,21,Kantar,,33.0,-1.0,37.0,1.0,13.0,0.0,7.0,2.0,4.0,0.0,1.0,-1.0
2022,Jul,15-17,15/7/22,21,Savanta ComRes,,30.0,2.0,43.0,0.0,11.0,-1.0,4.0,0.0,3.0,0.0,,
2022,Jul,15-20,15/7/22,27,Ipsos,,,,,,,,,,,,,
2022,Jul,16-19,16/7/22,19,YouGov,,,,,,,,,,,,,
2022,Jul,17,17/7/22,18,R+W,,32.0,1.0,42.0,0.0,12.0,0.0,5.0,0.0,3.0,-2.0,,
2022,Jul,20-21,20/7/22,21,R+W,,35.0,3.0,44.0,2.0,9.0,-3.0,5.0,0.0,3.0,0.0,,
2022,Jul,20-21,20/7/22,22,Techne,DE,32.0,1.0,41.0,1.0,12.0,-1.0,6.0,0.0,,,,
2022,Jul,21,21/7/22,22,Savanta ComRes,DE,33.0,3.0,44.0,1.0,9.0,-2.0,3.0,-1.0,3.0,0.0,,
2022,Jul,21-22,21/7/22,24,Opinium,Ob,34.0,1.0,37.0,-1.0,13.0,1.0,6.0,0.0,,,,
2022,Jul,21-22,21/7/22,27,YouGov,TT,32.0,3.0,39.0,-1.0,12.0,-1.0,8.0,1.0,4.0,0.0,,
2022,Jul,21-23,21/7/22,24,Deltapoll,MoS,31.0,-1.0,42.0,-1.0,10.0,1.0,6.0,0.0,3.0,1.0,3.0,1.0
2022,Jul,21-27,21/7/22,1,Ipsos,ES,30.0,0.0,44.0,3.0,10.0,-5.0,8.0,2.0,1.0,0.0,1.0,1.0
2022,Jul,22-24,22/7/22,29,Savanta ComRes,Ind,29.0,-4.0,42.0,-2.0,12.0,3.0,4.0,1.0,4.0,1.0,,
2022,Jul,23-25,23/7/22,26,YouGov,,,,,,,,,,,,2.0,1.0
2022,Jul,23-26,23/7/22,,YouGov,,,,,,,,,,,,,
2022,Jul,24,24/7/22,25,R+W,,34.0,-1.0,40.0,-4.0,12.0,3.0,5.0,0.0,3.0,0.0,,
2022,Jul,27,27/7/22,28,R+W,,33.0,-1.0,41.0,1.0,11.0,-1.0,5.0,0.0,4.0,1.0,1.0,-1.0
2022,Jul,27-28,27/7/22,29,Techne,DE,33.0,1.0,40.0,-1.0,12.0,0.0,6.0,0.0,,,,
2022,Jul,27-28,27/7/22,2,YouGov,TT,34.0,2.0,35.0,-4.0,13.0,1.0,7.0,-1.0,3.0,-1.0,1.0,0.0
2022,Jul,28-1,28/7/22,4,Kantar,,32.0,-1.0,36.0,-1.0,13.0,0.0,8.0,1.0,4.0,0.0,1.0,0.0
2022,Jul,30-31,30/7/22,2,YouGov,,,,,,,,,,,,,
2022,Jul,31,31/7/22,1,R+W,,34.0,1.0,38.0,-3.0,11.0,0.0,7.0,2.0,4.0,0.0,,
2022,Aug,3-4,3/8/22,5,Techne,DE,34.0,1.0,39.0,-1.0,13.0,1.0,5.0,-1.0,,,,
2022,Aug,4,4/7/22,4,R+W,,32.0,-2.0,40.0,2.0,13.0,2.0,4.0,-3.0,4.0,0.0,,
2022,Aug,3-5,3/8/22,7,Opinium,Ob,34.0,0.0,37.0,0.0,12.0,-1.0,6.0,0.0,,,,
2022,Aug,4-5,4/8/22,8,YouGov,TT,33.0,-1.0,37.0,2.0,11.0,-2.0,8.0,1.0,3.0,0.0,,
2022,Aug,6-8,6/8/22,9,YouGov,,,,,,,,,,,,,
2022,Aug,7,7/8/22,8,R+W,,35.0,3.0,40.0,0.0,12.0,-1.0,5.0,1.0,3.0,-1.0,,
2022,Aug,8-9,8/8/22,,YouGov,,,,,,,,,,,,,
2022,Aug,9-10,9/8/22,17,YouGov,TT,30.0,-3.0,39.0,2.0,12.0,1.0,6.0,-2.0,4.0,1.0,,
2022,Aug,10-11,10/8/22,12,Techne,DE,35.0,1.0,39.0,0.0,12.0,-1.0,5.0,0.0,,,,
2022,Aug,13-15,13/8/22,22,YouGov,,,,,,,,,,,,,
2022,Aug,14,14/8/22,15,R+W,,34.0,-1.0,41.0,1.0,12.0,0.0,5.0,0.0,3.0,0.0,,
2022,Aug,16-17,16/8/22,20,YouGov,TT,28.0,-2.0,43.0,4.0,11.0,-1.0,7.0,1.0,4.0,0.0,,
2022,Aug,16-18,16/8/22,19,BMG,The i,32.0,0.0,42.0,0.0,11.0,0.0,5.0,1.0,3.0,-1.0,,
2022,Aug,18-19,18/8/22,21,Opinium,Ob,31.0,-3.0,39.0,2.0,10.0,-2.0,7.0,1.0,,,,
2022,Aug,18-22,18/8/22,25,Kantar,,33.0,1.0,40.0,4.0,14.0,1.0,6.0,-2.0,2.0,-2.0,0.0,-1.0
2022,Aug,19-22,19/8/22,24,Deltapoll,,31.0,0.0,43.0,1.0,11.0,1.0,6.0,0.0,2.0,-1.0,1.0,-2.0
2022,Aug,19-22,19/8/22,2,Ipsos,,,,,,,,,,,,,
2022,Aug,20-22,20/8/22,23,YouGov,,,,,,,,,,,,,
2022,Aug,21,21/8/22,22,R+W,,31.0,-3.0,43.0,2.0,13.0,1.0,5.0,0.0,3.0,0.0,,
2022,Aug,22,22/8/22,26,PeoplePolling,GB News,26.0,,40.0,,11.0,,6.0,,5.0,,,
2022,Aug,23-24,23/8/22,30,YouGov,TT,31.0,3.0,39.0,-4.0,11.0,0.0,7.0,0.0,5.0,1.0,,
2022,Aug,24-25,24/8/22,25,R+W,,33.0,2.0,42.0,-1.0,12.0,-1.0,5.0,0.0,2.0,-1.0,,
2022,Aug,24-25,24/8/22,26,Techne,DE,33.0,-2.0,41.0,2.0,11.0,-1.0,6.0,1.0,,,,
2022,Aug,24-25,24/8/22,,YouGov,,,,,,,,,,,,,
2022,Aug,26-30,26/8/22,31,Deltapoll,Mirror,31.0,0.0,44.0,1.0,12.0,1.0,4.0,-2.0,2.0,0.0,1.0,0.0
2022,Aug,27-29,27/8/22,1,YouGov,,,,,,,,,,,,,
2022,Aug,28,28/8/22,29,R+W,,33.0,0.0,42.0,0.0,13.0,1.0,4.0,-1.0,4.0,2.0,,
2022,Aug,30,30/8/22,2,PeoplePolling,GB News,25.0,-1.0,42.0,2.0,10.0,-1.0,7.0,1.0,4.0,-1.0,,
2022,Aug,31,31/8/22,1,R+W,,31.0,-2.0,42.0,0.0,12.0,-1.0,7.0,3.0,3.0,-1.0,,
2022,Aug,31,31/8/22,5,Survation,,33.0,2.0,43.0,-2.0,11.0,0.0,3.0,0.0,1.0,-1.0,0.0,-1.0
2022,Aug,31-1,31/8/22,2,Techne,DE,32.0,-1.0,42.0,1.0,12.0,1.0,5.0,-1.0,,,,
2022,Aug,31-1,31/8/22,6,YouGov,TT,28.0,-3.0,43.0,4.0,11.0,0.0,6.0,-1.0,3.0,-2.0,,
2022,Aug,31-2,31/8/22,3,Opinium,Ob,34.0,3.0,38.0,-1.0,12.0,2.0,6.0,-1.0,,,,
2022,Aug,31-2,31/8/22,3,Deltapoll,Sun on Sunday,31.0,0.0,42.0,-2.0,10.0,-2.0,6.0,2.0,3.0,1.0,2.0,1.0
2022,Sep,3-5,3/9/22,6,YouGov,,,,,,,,,,,,,
2022,Sep,4,4/9/22,5,R+W,,31.0,0.0,43.0,1.0,12.0,0.0,6.0,-1.0,3.0,0.0,,
2022,Sep,6-7,6/9/22,8,YouGov,,29.0,1.0,44.0,1.0,10.0,-1.0,7.0,1.0,3.0,0.0,,
2022,Sep,7,7/9/22,8,R+W,,30.0,-1.0,42.0,-1.0,14.0,2.0,6.0,0.0,2.0,-1.0,,
2022,Sep,7,7/9/22,9,PeoplePolling,GB News,28.0,3.0,40.0,-2.0,9.0,-1.0,7.0,0.0,4.0,0.0,,
2022,Sep,7-8,7/9/22,11,Techne,DE,34.0,2.0,42.0,0.0,11.0,-1.0,4.0,-1.0,,,,
2022,Sep,7-15,7/9/22,22,Ipsos,ES,30.0,0.0,40.0,-4.0,13.0,3.0,8.0,0.0,1.0,0.0,2.0,1.0
2022,Sep,9-12,9/9/22,14,Deltapoll,,32.0,1.0,44.0,2.0,9.0,-1.0,4.0,-2.0,2.0,-1.0,2.0,0.0
2022,Sep,10-12,10/9/22,13,YouGov,,,,,,,,,,,,,
2022,Sep,11,11/9/22,,R+W,,32.0,2.0,46.0,4.0,11.0,-3.0,4.0,-2.0,2.0,0.0,,
2022,Sep,11,11/9/22,12,Savanta ComRes,DM,35.0,6.0,42.0,0.0,10.0,-2.0,3.0,-1.0,3.0,-1.0,,
2022,Sep,11-12,11/9/22,14,YouGov,TT,32.0,3.0,42.0,-2.0,10.0,0.0,7.0,0.0,2.0,-1.0,,
2022,Sep,13,13/9/22,16,PeoplePolling,GB News,28.0,0.0,40.0,0.0,10.0,1.0,6.0,-1.0,5.0,1.0,,
2022,Sep,14-15,14/9/22,16,Techne,DE,35.0,1.0,41.0,-1.0,10.0,-1.0,5.0,1.0,,,,
2022,Sep,15-16,15/9/22,25,Savanta ComRes,LabourList,33.0,,45.0,,10.0,,4.0,,3.0,,,
2022,Sep,16-20,16/9/22,20,Deltapoll,,32.0,0.0,42.0,-2.0,10.0,1.0,6.0,2.0,2.0,0.0,2.0,0.0
2022,Sep,18,18/9/22,20,R+W,,34.0,2.0,42.0,-4.0,10.0,-1.0,5.0,1.0,3.0,1.0,,
2022,Sep,20-21,20/9/22,,YouGov,,,,,,,,,,,,,
2022,Sep,21,21/9/22,23,PeoplePolling,GB News,28.0,0.0,40.0,0.0,10.0,0.0,8.0,2.0,4.0,-1.0,,
2022,Sep,21,21/9/22,23,R+W,,32.0,-2.0,42.0,0.0,12.0,2.0,5.0,0.0,4.0,1.0,,
2022,Sep,21-22,21/9/22,23,Techne,DE,34.0,-1.0,41.0,0.0,11.0,1.0,5.0,0.0,,,,
2022,Sep,21-22,21/9/22,23,YouGov,TT,32.0,0.0,40.0,-2.0,9.0,-1.0,8.0,1.0,3.0,1.0,,
2022,Sep,21-23,21/9/22,,Opinium,,34.0,0.0,39.0,1.0,10.0,-2.0,7.0,1.0,,,,
2022,Sep,22-25,22/9/22,27,Deltapoll,,31.0,-1.0,44.0,2.0,12.0,2.0,4.0,-2.0,2.0,0.0,1.0,-1.0
2022,Sep,22-26,22/9/22,29,Kantar,,35.0,2.0,39.0,-1.0,10.0,-4.0,4.0,-2.0,3.0,1.0,2.0,2.0
2022,Sep,23-25,23/9/22,27,YouGov,TT,28.0,-4.0,45.0,5.0,9.0,0.0,7.0,-1.0,3.0,0.0,,
2022,Sep,23-25,23/9/22,29,Ipsos,,,,,,,,,,,,,
2022,Sep,23-25,23/9/22,,Savanta ComRes,,29.0,-6.0,43.0,1.0,12.0,2.0,4.0,1.0,3.0,0.0,,
2022,Sep,23-26,23/9/22,30,Omnisis,,32.0,,44.0,,10.0,,5.0,,4.0,,,
2022,Sep,23-27,23/9/22,28,Find Out Now / Electoral Calculus,C4,28.0,,45.0,,11.0,,6.0,,3.0,,,
2022,Sep,24-26,24/9/22,27,YouGov,,,,,,,,,,,,,
2022,Sep,25,25/9/22,26,R+W,,31.0,-1.0,44.0,2.0,11.0,-1.0,6.0,1.0,2.0,-2.0,,
2022,Sep,26-30,26/9/22,17,Opinium,TUC,28.0,,43.0,,13.0,,7.0,,,,,
2022,Sep,27-29,27/9/22,29,Deltapoll,Mirror,29.0,-2.0,48.0,4.0,9.0,-3.0,4.0,0.0,2.0,0.0,1.0,0.0
2022,Sep,27-29,27/9/22,30,BMG,The i,30.0,-2.0,47.0,5.0,9.0,-2.0,5.0,0.0,3.0,0.0,,
2022,Sep,28-29,28/9/22,29,R+W,,29.0,-2.0,46.0,2.0,13.0,2.0,4.0,-2.0,4.0,2.0,,
2022,Sep,28-29,28/9/22,29,YouGov,TT,21.0,-7.0,54.0,9.0,7.0,-2.0,6.0,-1.0,4.0,1.0,,
2022,Sep,28-29,28/9/22,30,Techne,,27.0,-7.0,47.0,6.0,11.0,0.0,6.0,1.0,,,,
2022,Sep,28-29,28/9/22,30,PeoplePolling,GB News,20.0,-8.0,50.0,10.0,9.0,-1.0,8.0,0.0,3.0,-1.0,,
2022,Sep,28-30,28/9/22,2,Opinium,Ob,27.0,-7.0,46.0,7.0,9.0,-1.0,6.0,-1.0,,,,
2022,Sep,29,29/9/22,29,Survation,,28.0,-5.0,49.0,6.0,11.0,0.0,1.0,-2.0,2.0,1.0,1.0,1.0
2022,Sep,29-30,29/9/22,30,Omnisis,,23.0,-9.0,55.0,11.0,7.0,-3.0,5.0,0.0,3.0,-1.0,,
2022,Sep,30-2,30/9/22,3,Savanta ComRes,,25.0,-4.0,50.0,7.0,11.0,-1.0,3.0,-1.0,3.0,0.0,,
2022,Oct,1-2,1/10/22,5,YouGov,,,,,,,,,,,,,
2022,Oct,1-3,1/10/22,,YouGov,,,,,,,,,,,,,
2022,Oct,2,2/10/22,3,R+W,,24.0,-5.0,52.0,6.0,10.0,-3.0,5.0,1.0,3.0,-1.0,,
2022,Oct,5,5/10/22,6,R+W,,24.0,0.0,52.0,0.0,10.0,0.0,5.0,0.0,3.0,0.0,,
2022,Oct,5-6,5/10/22,7,Techne,DE,26.0,-1.0,48.0,1.0,10.0,-1.0,6.0,0.0,,,,
2022,Oct,5-7,5/10/22,8,Opinium,Ob,26.0,-1.0,47.0,1.0,11.0,2.0,6.0,0.0,,,,
2022,Oct,5-12,5/10/22,14,Ipsos,ES,26.0,-4.0,47.0,7.0,10.0,-3.0,8.0,0.0,2.0,1.0,1.0,-1.0
2022,Oct,6,6/10/22,7,PeoplePolling,GB News,20.0,0.0,52.0,2.0,8.0,-1.0,7.0,-1.0,4.0,1.0,,
2022,Oct,6-7,6/10/22,7,Deltapoll,,26.0,-3.0,51.0,3.0,9.0,0.0,4.0,0.0,2.0,0.0,2.0,1.0
2022,Oct,6-7,6/10/22,7,Omnisis,,24.0,1.0,51.0,-4.0,10.0,3.0,5.0,0.0,4.0,1.0,,
2022,Oct,6-7,6/10/22,8,YouGov,TT,22.0,1.0,52.0,-2.0,9.0,2.0,6.0,0.0,5.0,1.0,,
2022,Oct,7-9,7/10/22,14,Savanta ComRes,,23.0,-2.0,51.0,1.0,10.0,-1.0,4.0,1.0,3.0,0.0,,
2022,Oct,8-10,8/10/22,11,YouGov,,,,,,,,,,,,,
2022,Oct,9,9/10/22,10,R+W,,25.0,1.0,54.0,2.0,10.0,0.0,4.0,-1.0,3.0,0.0,,
2022,Oct,11-12,11/10/22,13,YouGov,TT,23.0,1.0,51.0,-1.0,9.0,0.0,7.0,1.0,3.0,-2.0,,
2022,Oct,12,12/10/22,13,PeoplePolling,GB News,19.0,-1.0,53.0,1.0,8.0,0.0,6.0,-1.0,4.0,0.0,,
2022,Oct,12-13,12/10/22,14,Techne,DE,25.0,-1.0,49.0,1.0,11.0,1.0,6.0,0.0,,,,
2022,Oct,13,13/10/22,13,R+W,,24.0,-1.0,53.0,-1.0,13.0,3.0,3.0,-1.0,2.0,-1.0,,
2022,Oct,13-14,13/10/22,14,Omnisis,,28.0,4.0,49.0,-2.0,10.0,0.0,5.0,0.0,2.0,-2.0,,
2022,Oct,13-17,13/10/22,17,Deltapoll,,23.0,-3.0,55.0,4.0,7.0,-2.0,4.0,0.0,3.0,1.0,,
2022,Oct,14-16,14/10/22,19,Savanta ComRes,,22.0,-1.0,52.0,1.0,11.0,1.0,2.0,-2.0,3.0,0.0,,
2022,Oct,14-16,14/10/22,,YouGov,,,,,,,,,,,,,
2022,Oct,15-17,15/10/22,,YouGov,,,,,,,,,,,,,
2022,Oct,16,16/10/22,17,R+W,,20.0,-4.0,56.0,3.0,11.0,-2.0,5.0,2.0,2.0,0.0,,
2022,Oct,17-18,17/10/22,,YouGov,,,,,,,,,,,,,
2022,Oct,18-19,18/10/22,20,Survation,,23.0,-5.0,52.0,3.0,11.0,0.0,3.0,2.0,2.0,0.0,1.0,0.0
2022,Oct,19,19/10/22,20,R+W,,19.0,-1.0,55.0,-1.0,12.0,1.0,4.0,-1.0,4.0,2.0,,
2022,Oct,19-20,19/10/22,20,Techne,DE,22.0,-3.0,53.0,4.0,11.0,0.0,5.0,-1.0,,,,
2022,Oct,19-21,19/10/22,23,Opinium,Ob,23.0,-3.0,50.0,3.0,9.0,-2.0,6.0,0.0,,,,
2022,Oct,20,20/10/22,20,Omnisis,,22.0,-6.0,57.0,8.0,7.0,-3.0,4.0,-1.0,3.0,1.0,,
2022,Oct,20,20/10/22,20,PeoplePolling,GB News,14.0,-5.0,53.0,0.0,11.0,3.0,6.0,0.0,5.0,1.0,,
2022,Oct,20-21,20/10/22,21,YouGov,TT,19.0,-4.0,56.0,5.0,10.0,1.0,4.0,-3.0,5.0,2.0,,
2022,Oct,20-23,23/10/22,24,Deltapoll,Sky,25.0,2.0,51.0,-4.0,10.0,3.0,5.0,1.0,3.0,0.0,,
2022,Oct,21-22,21/10/22,24,Omnisis,,22.0,0.0,56.0,-1.0,10.0,3.0,4.0,0.0,3.0,0.0,,
2022,Oct,21-23,21/10/22,26,Savanta ComRes,Ind,25.0,3.0,51.0,-1.0,8.0,-3.0,2.0,0.0,6.0,3.0,,
2022,Oct,21-24,21/10/22,27,Ipsos,,,,,,,,,,,,,
2022,Oct,22-24,22/10/22,26,YouGov,,,,,,,,,,,,,
2022,Oct,23,23/10/22,24,R+W,,21.0,2.0,54.0,-1.0,11.0,-1.0,4.0,0.0,4.0,0.0,,
2022,Oct,24-25,24/10/22,25,YouGov,,,,,,,,,,,,,
2022,Oct,24-26,24/10/22,28,BMG,The i,26.0,-4.0,49.0,2.0,10.0,1.0,5.0,0.0,5.0,2.0,,
2022,Oct,25-26,25/10/22,27,YouGov,TT,23.0,4.0,51.0,-5.0,9.0,-1.0,4.0,0.0,6.0,1.0,,
2022,Oct,25-26,25/10/22,27,R+W,,23.0,2.0,55.0,1.0,9.0,-2.0,5.0,1.0,4.0,0.0,,
2022,Oct,26,26/10/22,28,PeoplePolling,GB News,20.0,6.0,51.0,-2.0,9.0,-2.0,5.0,-1.0,7.0,2.0,,
2022,Oct,26-27,26/10/22,28,Techne,DE,26.0,4.0,50.0,-3.0,10.0,-1.0,5.0,0.0,,,,
2022,Oct,26-27,26/10/22,28,Survation,,27.0,4.0,51.0,-1.0,8.0,-3.0,2.0,-1.0,1.0,-1.0,0.0,-1.0
2022,Oct,26-27,26/10/22,3,YouGov,,,,,,,,,,,,,
2022,Oct,26-28,26/10/22,30,Opinium,Ob,28.0,5.0,44.0,-6.0,10.0,1.0,5.0,-1.0,,,,
2022,Oct,27-28,27/10/22,28,Omnisis,,25.0,3.0,53.0,-3.0,7.0,-3.0,4.0,0.0,6.0,3.0,,
2022,Oct,28-31,28/10/22,31,Deltapoll,,26.0,1.0,51.0,0.0,9.0,-1.0,4.0,-1.0,3.0,0.0,2.0,
2022,Oct,29-31,29/10/22,1,YouGov,,,,,,,,,,,,,
2022,Oct,30,30/10/22,31,R+W,,27.0,4.0,50.0,-5.0,9.0,0.0,5.0,0.0,3.0,-1.0,,
2022,Oct,31,31/10/22,4,Focaldata,,29.0,,48.0,,8.0,,4.0,,5.0,,,
2022,Nov,1,1/11/22,4,PeoplePolling,GB News,21.0,1.0,47.0,-4.0,10.0,1.0,7.0,2.0,5.0,-2.0,,
2022,Nov,1-2,1/11/22,3,YouGov,TT,24.0,1.0,50.0,-1.0,9.0,0.0,5.0,1.0,6.0,0.0,,
2022,Nov,1-3,1/11/22,6,Survation,,27.0,0.0,50.0,-1.0,7.0,-1.0,3.0,1.0,3.0,2.0,2.0,2.0
2022,Nov,2-3,2/11/22,3,R+W,,30.0,3.0,47.0,-3.0,12.0,3.0,3.0,2.0,4.0,1.0,,
2022,Nov,2-3,2/11/22,4,Techne,DE,29.0,3.0,49.0,-1.0,9.0,-1.0,4.0,-1.0,,,,
2022,Nov,2-4,2/11/22,5,Opinium,Ob,28.0,0.0,46.0,2.0,8.0,-2.0,6.0,1.0,,,,
2022,Nov,3-4,3/11/22,4,Omnisis,,27.0,2.0,51.0,-2.0,7.0,0.0,3.0,-1.0,6.0,0.0,,
2022,Nov,4-8,4/11/22,21,Ipsos,,,,,,,,,,,,,
2022,Nov,5-7,5/11/22,11,YouGov,,,,,,,,,,,,,
2022,Nov,6,6/11/22,7,R+W,,27.0,-3.0,48.0,1.0,10.0,-2.0,4.0,1.0,5.0,1.0,,
2022,Nov,7,7/11/22,7,Deltapoll,,29.0,3.0,47.0,-4.0,9.0,0.0,5.0,1.0,3.0,0.0,2.0,0.0
2022,Nov,9,9/11/22,11,PeoplePolling,GB News,21.0,0.0,42.0,-5.0,9.0,-1.0,9.0,2.0,8.0,3.0,,
2022,Nov,9-10,9/11/22,10,R+W,,28.0,1.0,49.0,1.0,11.0,1.0,4.0,0.0,4.0,-1.0,,
2022,Nov,9-10,9/11/22,11,Techne,DE,30.0,1.0,49.0,0.0,8.0,-1.0,4.0,0.0,,,,
2022,Nov,9-10,9/11/22,16,YouGov,TT,25.0,1.0,48.0,-2.0,10.0,1.0,5.0,0.0,5.0,-1.0,,
2022,Nov,9-16,9/11/22,18,Ipsos,ES,29.0,3.0,50.0,3.0,7.0,-3.0,3.0,-5.0,2.0,0.0,1.0,0.0
2022,Nov,10-11,10/11/22,11,Omnisis,,26.0,-1.0,49.0,-2.0,7.0,0.0,5.0,2.0,8.0,2.0,,
2022,Nov,10-14,10/11/22,14,Deltapoll,,27.0,-2.0,50.0,3.0,6.0,-3.0,6.0,1.0,3.0,0.0,2.0,0.0
2022,Nov,11-14,11/11/22,,YouGov,,,,,,,,,,,,,
2022,Nov,12-14,12/11/22,22,YouGov,,,,,,,,,,,,,
2022,Nov,13,13/11/22,14,R+W,,26.0,-2.0,50.0,1.0,9.0,-2.0,5.0,1.0,4.0,0.0,,
2022,Nov,14-15,14/11/22,2,YouGov,,,,,,,,,,,,,
2022,Nov,15-16,15/11/22,23,YouGov,TT,26.0,1.0,47.0,-1.0,9.0,-1.0,5.0,0.0,6.0,1.0,,
2022,Nov,16-17,16/11/22,17,R+W,,27.0,1.0,48.0,-2.0,10.0,1.0,4.0,-1.0,5.0,1.0,,
2022,Nov,17,17/11/22,18,Techne,DE,28.0,-2.0,50.0,1.0,8.0,0.0,4.0,0.0,,,,
2022,Nov,17,17/11/22,18,Omnisis,,21.0,-5.0,48.0,-1.0,10.0,3.0,7.0,2.0,5.0,-3.0,,
2022,Nov,17-18,17/11/22,19,Opinium,Ob,28.0,0.0,45.0,-1.0,9.0,1.0,4.0,-2.0,,,,
2022,Nov,17-19,17/11/22,20,Deltapoll,MoS,25.0,-2.0,51.0,1.0,9.0,3.0,4.0,-2.0,4.0,1.0,2.0,0.0
2022,Nov,17-21,17/11/22,24,Kantar,,30.0,-5.0,45.0,6.0,8.0,-2.0,4.0,0.0,5.0,2.0,2.0,0.0
2022,Nov,18,18/11/22,19,PeoplePolling,GB News,21.0,0.0,47.0,5.0,10.0,1.0,7.0,-2.0,6.0,-2.0,,
2022,Nov,18-20,18/11/22,26,Savanta ComRes,Ind,28.0,3.0,46.0,-5.0,10.0,2.0,3.0,1.0,3.0,-3.0,,
2022,Nov,19-21,19/11/22,,YouGov,,,,,,,,,,,,,
2022,Nov,20,20/11/22,21,R+W,,28.0,1.0,49.0,1.0,9.0,-1.0,4.0,0.0,5.0,0.0,,
2022,Nov,22-23,22/1/22,29,YouGov,TT,25.0,-1.0,48.0,1.0,9.0,0.0,5.0,0.0,5.0,-1.0,,
2022,Nov,23,23/11/22,25,PeoplePolling,GB News,24.0,3.0,44.0,-3.0,8.0,-2.0,8.0,1.0,5.0,-1.0,,
2022,Nov,23-24,23/11/22,25,Techne,DE,27.0,-1.0,50.0,0.0,9.0,1.0,4.0,0.0,,,,
2022,Nov,23-24,23/11/22,25,Omnisis,,25.0,4.0,49.0,1.0,9.0,-1.0,5.0,-2.0,6.0,1.0,,
2022,Nov,24-28,24/11/22,28,Deltapoll,,30.0,5.0,48.0,-3.0,10.0,1.0,3.0,-1.0,4.0,0.0,1.0,-1.0
2022,Nov,25-27,25/11/22,1,Savanta ComRes,,26.0,-2.0,47.0,1.0,10.0,0.0,2.0,-1.0,5.0,2.0,,
2022,Nov,25-28,25/11/22,5,Ipsos,,,,,,,,,,,,,
2022,Nov,26-28,26/11/22,29,YouGov,,,,,,,,,,,,,
2022,Nov,27,27/11/22,28,R+W,,27.0,-1.0,47.0,-2.0,11.0,2.0,6.0,1.0,5.0,0.0,,
2022,Nov,29-30,29/11/22,1,YouGov,TT,22.0,-3.0,47.0,-1.0,9.0,0.0,5.0,0.0,9.0,4.0,,
2022,Nov,29-1,29/11/22,2,BMG,The i,28.0,2.0,46.0,-3.0,10.0,0.0,5.0,0.0,6.0,1.0,,
2022,Nov,30,30/11/22,2,PeoplePolling,GB News,21.0,-3.0,46.0,2.0,7.0,-1.0,9.0,1.0,7.0,2.0,,
2022,Nov,30-1,30/11/22,2,Techne,DE,26.0,-1.0,49.0,1.0,10.0,1.0,4.0,0.0,5.0,,,
2022,Nov,30-2,30/11/22,4,Opinium,Ob,29.0,1.0,43.0,-2.0,8.0,-1.0,6.0,2.0,6.0,,,
2022,Dec,1-2,1/12/22,2,Omnisis,Byline Times,25.0,0.0,48.0,-1.0,9.0,0.0,6.0,1.0,5.0,-1.0,,
2022,Dec,1-5,1/12/22,6,Deltapoll,,28.0,-2.0,48.0,0.0,10.0,0.0,4.0,1.0,4.0,0.0,1.0,0.0
2022,Dec,2-4,2/12/22,9,Savanta ComRes,,31.0,5.0,42.0,-5.0,10.0,0.0,3.0,1.0,5.0,0.0,,
2022,Dec,2-5,2/12/22,13,Savanta ComRes,,28.0,-5.0,48.0,3.0,11.0,1.0,3.0,-1.0,4.0,1.0,,
2022,Dec,3-5,3/12/22,6,YouGov,,,,,,,,,,,,,
2022,Dec,4,4/12/22,5,R+W,,26.0,-1.0,48.0,1.0,10.0,-1.0,6.0,0.0,5.0,0.0,,
2022,Dec,6-7,6/12/22,8,YouGov,TT,24.0,2.0,48.0,1.0,9.0,0.0,6.0,1.0,8.0,-1.0,,
2022,Dec,7,7/12/22,9,PeoplePolling,GB News,20.0,-1.0,47.0,1.0,8.0,1.0,6.0,-3.0,9.0,2.0,,
2022,Dec,7-8,7/12/22,9,Techne,DE,27.0,1.0,48.0,-1.0,9.0,-1.0,4.0,0.0,5.0,0.0,,
2022,Dec,7-13,7/12/22,19,Ipsos,ES,23.0,-6.0,49.0,-1.0,13.0,6.0,3.0,0.0,2.0,0.0,1.0,0.0
2022,Dec,8-9,8/12/22,9,Omnisis,,30.0,5.0,48.0,0.0,9.0,0.0,6.0,0.0,4.0,-1.0,,
2022,Dec,8-9,8/12/22,14,YouGov,,,,,,,,,,,,,
2022,Dec,8-12,8/12/22,15,Kantar,,29.0,-1.0,46.0,1.0,9.0,1.0,5.0,1.0,4.0,-1.0,2.0,0.0
2022,Dec,9-11,9/12/22,15,Savanta ComRes,,29.0,-2.0,45.0,3.0,8.0,-2.0,3.0,0.0,6.0,1.0,,
2022,Dec,9-12,9/12/22,13,Deltapoll,,32.0,4.0,45.0,-3.0,8.0,-2.0,6.0,2.0,4.0,0.0,1.0,0.0
2022,Dec,10-12,10/12/22,,YouGov,,,,,,,,,,,,,
2022,Dec,11,11/12/22,12,R+W,,29.0,3.0,46.0,-2.0,9.0,-1.0,5.0,-1.0,7.0,2.0,,
2022,Dec,14,14/2/22,16,PeoplePolling,GB News,24.0,4.0,45.0,-2.0,7.0,-1.0,6.0,0.0,7.0,-2.0,,
2022,Dec,14-15,14/12/22,16,Techne,DE,28.0,1.0,46.0,-2.0,9.0,0.0,5.0,1.0,6.0,1.0,,
2022,Dec,14-15,14/12/22,16,YouGov,TT,23.0,-1.0,48.0,0.0,8.0,-1.0,5.0,-1.0,9.0,1.0,,
2022,Dec,14-16,14/12/22,18,Opinium,Ob,29.0,0.0,44.0,1.0,9.0,1.0,5.0,1.0,8.0,2.0,,
2022,Dec,15,15/12/22,16,Omnisis,,26.0,-4.0,47.0,-1.0,9.0,0.0,6.0,0.0,6.0,2.0,,
2022,Dec,15-16,15/12/22,19,YouGov,,,,,,,,,,,,,
2022,Dec,16-18,16/12/22,23,Savanta ComRes,,28.0,-1.0,45.0,0.0,9.0,1.0,3.0,0.0,5.0,-1.0,,
2022,Dec,17-19,17/12/22,21,YouGov,,,,,,,,,,,,,
2022,Dec,20-21,20/12/22,29,YouGov,TT,24.0,1.0,48.0,0.0,9.0,1.0,5.0,8.0,8.0,-1.0,,
2022,Dec,21,21/12/22,23,PeoplePolling,GB News,22.0,-2.0,46.0,1.0,8.0,1.0,6.0,0.0,8.0,1.0,,
2022,Dec,21-22,21/12/22,23,Techne,DE,28.0,0.0,45.0,-1.0,8.0,-1.0,5.0,0.0,7.0,1.0,,
2022,Dec,22,22/12/22,22,Omnisis,,25.0,-1.0,51.0,4.0,7.0,-2.0,5.0,-1.0,6.0,0.0,,
2022,Dec,24-26,24/12/22,28,YouGov,,,,,,,,,,,,,
2022,Dec,28,28/12/22,29,PeoplePolling,GB News,19.0,-3.0,45.0,-1.0,8.0,0.0,9.0,3.0,8.0,0.0,,
2022,Dec,30-1,30/12/22,,YouGov,,,,,,,,,,,,,
2023,Jan,2-3,2/1/23,3,R+W,,27.0,-2.0,47.0,1.0,12.0,3.0,3.0,-2.0,5.0,-2.0,,
2023,Jan,4,4/1/23,6,PeoplePolling,GB News,22.0,3.0,46.0,1.0,7.0,-1.0,7.0,-2.0,8.0,0.0,,
2023,Jan,4-5,4/1/23,6,Techne,,25.0,-3.0,46.0,1.0,9.0,1.0,5.0,0.0,8.0,1.0,,
2023,Jan,4-5,4/1/23,6,YouGov,TT,25.0,1.0,46.0,-2.0,9.0,0.0,6.0,1.0,7.0,-1.0,,
2023,Jan,5-6,5/1/23,6,Omnisis,,27.0,2.0,49.0,-2.0,10.0,3.0,4.0,-1.0,4.0,-2.0,,
2023,Jan,5-7,5/1/23,9,Deltapoll,,31.0,-1.0,45.0,0.0,9.0,1.0,5.0,-1.0,3.0,-1.0,2.0,1.0
2023,Jan,7-9,7/1/23,,YouGov,,,,,,,,,,,,,
2023,Jan,8,8/1/23,9,R+W,,26.0,-1.0,48.0,1.0,9.0,-3.0,5.0,2.0,6.0,1.0,,
2023,Jan,11,11/1/23,12,PeoplePolling,GB News,21.0,-1.0,48.0,2.0,8.0,1.0,7.0,0.0,7.0,-1.0,,
2023,Jan,11,11/1/23,13,Omnisis,Byline Times,28.0,1.0,48.0,-1.0,7.0,-3.0,7.0,3.0,3.0,-1.0,,
2023,Jan,11-12,11/1/23,13,Techne,,26.0,1.0,47.0,1.0,8.0,-1.0,5.0,0.0,7.0,-1.0,,
2023,Jan,11-13,11/1/23,15,Opinium,Ob,29.0,0.0,45.0,1.0,9.0,0.0,5.0,0.0,6.0,-2.0,,