Year,Month,Fieldwork,,Published,Polling,Con,Lab,LD,Green,BXP,UKIP
2017,Jun ,9-10,9/6/17,11,YouGov,,,,,,
,Jun ,10,10/6/17,11,Survation,39.0,45.0,7.0,,,3.0
,Jun ,11-12,11/6/17,15,YouGov,,,,,,
,Jun ,15-16,15/6/17,,YouGov,,,,,,
,Jun ,16-17,16/6/17,19,Survation,41.0,44.0,6.0,1.0,,2.0
,Jun ,16-21,16/6/17,25,Panelbase,41.0,46.0,6.0,1.0,,2.0
,Jun ,21-22,21/6/17,23,YouGov,,,,,,
,Jun ,25-26,25/6/17,,YouGov,,,,,,
,Jun ,27-29,27/6/17,2,Opinium,39.0,45.0,5.0,2.0,,5.0
,Jun ,28-30,28/6/17,2,Survation,41.0,40.0,7.0,2.0,,2.0
,Jun ,28-30,28/6/17,4,Survation, ,,,,,
,Jun ,30-3,30/6/17,4,ICM,41.0,43.0,7.0,3.0,,3.0
,Jul,5-6,5/7/17,7,YouGov,38.0,46.0,6.0,1.0,,4.0
,Jul,10-11,10/7/17,17,YouGov,40.0,45.0,7.0,1.0,,2.0
,Jul,11-14,11/7/17,16,Opinium,41.0,43.0,5.0,2.0,,5.0
,Jul,11-14,11/7/17,,BMG,38.0,41.0,9.0,3.0,,6.0
,Jul,14-15,14/7/17,16,Survation,39.0,41.0,8.0,1.0,,6.0
,Jul,14-16,14/7/17,18,ICM,42.0,43.0,7.0,2.0,,3.0
,Jul,14-18,14/7/17,20,Ipsos MORI,41.0,42.0,9.0,2.0,,3.0
,Jul,18-19,18/7/17,,YouGov,41.0,43.0,6.0,2.0,,3.0
,Jul,27-31,27/7/17,,Kantar TNS,36.0,36.0,6.0,3.0,,10.0
,Jul,31-1,31/7/17,3,YouGov,41.0,44.0,7.0,2.0,,3.0
,Aug,7-11,7/8/17,13,BMG,42.0,39.0,7.0,3.0,,6.0
,Aug,15-16,15/8/17,,YouGov,,,,,,
,Aug,15-18,15/8/17,20,Opinium,40.0,43.0,6.0,2.0,,4.0
,Aug,21-22,21/8/17,29,YouGov,41.0,42.0,8.0,1.0,,4.0
,Aug,25-28,25/8/17,29,ICM,42.0,42.0,7.0,3.0,,3.0
,Aug,25-29,25/8/17,,Sky,,,,,,
,Aug,30-31,30/8/17,4,YouGov,41.0,42.0,6.0,2.0,,4.0
,Aug,31-1,31/8/17,3,Survation,38.0,43.0,7.0,,,4.0
,Sep,4-5,4/9/17,,YouGov,,,,,,
,Sep,8-10,8/9/17,12,ICM,42.0,42.0,7.0,3.0,,4.0
,Sep,11-12,11/9/17,,YouGov,,,,,,
,Sep,12-13,12/9/17,15,YouGov,41.0,42.0,7.0,2.0,,3.0
,Sep,12-15,12/9/17,17,Opinium,41.0,41.0,5.0,3.0,,5.0
,Sep,12-15,12/9/17,20,BMG,39.0,38.0,8.0,4.0,,6.0
,Sep,15-18,15/9/17,21,Ipsos MORI,40.0,44.0,9.0,1.0,,2.0
,Sep,15-20,15/9/17,26,Survation,40.0,41.0,7.0,2.0,,5.0
,Sep,19-22,19/9/17,24,Opinium,42.0,40.0,6.0,2.0,,4.0
,Sep,22,22/9/17,24,Survation,38.0,42.0,8.0,2.0,,4.0
,Sep,22-24,22/9/17,25,ICM,40.0,42.0,8.0,2.0,,4.0
,Sep,22-24,22/9/17,27,YouGov,39.0,43.0,7.0,2.0,,4.0
,Sep,26-29,26/9/17,8,BMG,37.0,42.0,10.0,3.0,,4.0
,Oct,4-5,4/10/17,6,YouGov,40.0,42.0,7.0,2.0,,4.0
,Oct,4-5,4/10/17,18,Survation,38.0,44.0,7.0,1.0,,4.0
,Oct,4-6,4/10/17,8,Opinium,40.0,42.0,5.0,2.0,,5.0
,Oct,6-8,6/10/17,9,ICM,41.0,41.0,7.0,2.0,,4.0
,Oct,10-11,10/10/17,13,YouGov,39.0,42.0,8.0,2.0,,4.0
,Oct,16-20,17/10/17,,BMG,37.0,43.0,8.0,4.0,,4.0
,Oct,18-19,18/10/17,20,YouGov,40.0,42.0,8.0,2.0,,4.0
,Oct,20-23,20/10/17,24,ICM,42.0,42.0,7.0,2.0,,3.0
,Oct,23-24,23/10/17,27,YouGov,41.0,43.0,7.0,2.0,,3.0
,Oct,27-1,27/10/17,3,Ipsos MORI,38.0,40.0,9.0,3.0,,4.0
,Nov,7-8,7/11/17,10,YouGov,40.0,43.0,6.0,2.0,,4.0
,Nov,7-9,7/11/17,,Sky,,,,,,
,Nov,9-10,9/11/17,14,YouGov,,,,,,
,Nov,10-12,10/11/17,15,ICM,41.0,41.0,7.0,2.0,,4.0
,Nov,14-16,14/11/17,19,Opinium,40.0,42.0,6.0,2.0,,5.0
,Nov,14-17,14/11/17,,BMG,40.0,41.0,8.0,3.0,,4.0
,Nov,14-20,14/11/17,21,Kantar TNS,42.0,38.0,9.0,3.0,,5.0
,Nov,16-17,16/11/17,,YouGov,,,,,,
,Nov,19-20,19/11/17,24,YouGov,40.0,43.0,7.0,2.0,,3.0
,Nov,22-23,22/11/17,,YouGov,39.0,41.0,7.0,3.0,,4.0
,Nov,24-26,24/11/17,28,ICM,41.0,41.0,7.0,3.0,,5.0
,Nov,24-28,24/11/17,1,Ipsos MORI,37.0,39.0,9.0,4.0,,4.0
,Nov,29-1,29/11/17,3,ICM,40.0,41.0,8.0,3.0,,4.0
,Nov,30-1,30/11/17,3,Survation,37.0,45.0,6.0,1.0,,4.0
,Dec,4-5,4/12/17,8,YouGov,40.0,41.0,7.0,2.0,,3.0
,Dec,5-8,5/12/17,13,BMG,37.0,40.0,9.0,3.0,,5.0
,Dec,8-10,8/12/17,12,ICM,42.0,40.0,8.0,2.0,,5.0
,Dec,8-13,8/12/17,,Sky,,,,,,
,Dec,10-11,10/12/17,12,YouGov,42.0,41.0,7.0,2.0,,4.0
,Dec,12-14,12/12/17,17,Opinium,39.0,41.0,7.0,2.0,,6.0
,Dec,12-14,12/12/17,17,ICM ,41.0,42.0,7.0,3.0,,4.0
,Dec,19-20,19/12/17,1,YouGov,40.0,42.0,7.0,1.0,,4.0
2018,Jan,7-8,7/1/18,11,YouGov,40.0,41.0,9.0,2.0,,3.0
,Jan,9-12,9/1/18,,BMG,40.0,41.0,8.0,2.0,,4.0
,Jan,10-19,10/1/18,26,ICM,41.0,41.0,7.0,3.0,,4.0
,Jan,11-12,11/1/18,14,Opinium,40.0,40.0,6.0,3.0,,5.0
,Jan,12-14,12/1/18,16,ICM,40.0,41.0,7.0,3.0,,4.0
,Jan,16-17,16/1/18,20,YouGov,41.0,42.0,7.0,2.0,,3.0
,Jan,16-19,16/1/18,,Sky,,,,,,
,Jan,19-23,19/1/18,26,Ipsos MORI,39.0,42.0,9.0,2.0,,3.0
,Jan,26-29,26/1/18,5,Survation,40.0,43.0,8.0,1.0,,3.0
,Jan,28-29,28/1/18,2,YouGov,42.0,42.0,6.0,3.0,,2.0
,Jan,29-30,29/1/18,,YouGov,,,,,,
,Jan,30-31,30/1/18,,YouGov,,,,,,
,Feb,2-4,2/2/18,6,ICM,41.0,40.0,8.0,3.0,,4.0
,Feb,5-6,5/2/18,8,YouGov,43.0,39.0,8.0,3.0,,3.0
,Feb,6-8,6/2/18,11,Opinium,42.0,39.0,7.0,2.0,,5.0
,Feb,6-9,6/2/18,14,BMG,40.0,40.0,8.0,4.0,,5.0
,Feb,6-12,6/2/18,19,Kantar TNS,35.0,40.0,8.0,4.0,,4.0
,Feb,12-13,12/2/18,16,YouGov,40.0,41.0,8.0,2.0,,4.0
,Feb,14-16,14/2/18,,Sky,,,,,,
,Feb,16-19,16/2/18,21,ICM,42.0,43.0,7.0,2.0,,3.0
,Feb,19-20,19/2/18,24,YouGov,40.0,42.0,8.0,2.0,,4.0
,Feb,26-27,26/2/18,2,YouGov,41.0,42.0,7.0,2.0,,3.0
,Feb,27-28,27/2/18,,YouGov,,,,,,
,Mar,2-4,2/3/18,6,ICM,43.0,42.0,7.0,3.0,,2.0
,Mar,2-7,2/3/18,9,Ipsos MORI,43.0,42.0,6.0,2.0,,2.0
,Mar,5-6,5/3/18,7,YouGov,41.0,43.0,7.0,2.0,,2.0
,Mar,7-8,7/3/18,,Survation,37.0,44.0,9.0,2.0,,3.0
,Mar,13-15,13/3/18,18,Opinium,42.0,40.0,6.0,3.0,,4.0
,Mar,13-16,13/3/18,,BMG,38.0,40.0,10.0,3.0,,4.0
,Mar,14-15,14/3/18,16,YouGov,42.0,39.0,7.0,3.0,,3.0
,Mar,16-18,16/3/18,20,ICM,44.0,41.0,8.0,2.0,,1.0
,Mar,16-23,16/3/18,,Sky,,,,,,
,Mar,18-19,18/3/18,,YouGov,,,,,,
,Mar,23-25,23/3/18,,YouGov,,,,,,
,Mar,23-26,23/3/18,,YouGov,,,,,,
,Mar,26-27,26/3/18,29,YouGov,43.0,39.0,8.0,2.0,,3.0
,Mar,27-5,27/3/18,7,NCP,43.0,38.0,8.0,3.0,,3.0
,Apr,4-5,4/4/18,7,YouGov,42.0,41.0,7.0,2.0,,4.0
,Apr,4-6,4/4/18,,YouGov,,,,,,
,Apr,5-6,5/4/18,8,Deltapoll,,,,,,
,Apr,6-8,6/4/18,20,ICM,42.0,41.0,7.0,3.0,,4.0
,Apr,9-10,9/4/18,14,YouGov,40.0,40.0,9.0,2.0,,4.0
,Apr,10-12,10/4/18,15,Opinium,40.0,40.0,7.0,2.0,,5.0
,Apr,11-12,11/4/18,15,ComRes,40.0,41.0,7.0,2.0,,4.0
,Apr,11-13,11/4/18,2,BMG,39.0,38.0,11.0,4.0,,3.0
,Apr,14,14/4/18,15,Survation,40.0,40.0,9.0,1.0,,3.0
,Apr,16-17,16/4/18,20,YouGov,43.0,38.0,8.0,3.0,,3.0
,Apr,20-24,20/4/18,30,Ipsos MORI,41.0,40.0,10.0,2.0,,2.0
,Apr,24-25,24/4/18,1,YouGov,43.0,38.0,8.0,3.0,,3.0
,Apr,27-29,27/4/18,1,ICM,42.0,39.0,8.0,3.0,,4.0
,Apr,27-29,27/4/18,1,ComRes,40.0,40.0,9.0,3.0,,5.0
,Apr,30-1,30/4/18,2,YouGov,42.0,38.0,7.0,3.0,,3.0
,May,1-2,1/5/18,,YouGov,,,,,,
,May,1-4,1/5/18,15,BMG,39.0,39.0,10.0,3.0,,4.0
,May,8-9,8/5/18,10,YouGov,43.0,38.0,9.0,2.0,,2.0
,May,8-10,8/5/18,11,Survation,41.0,40.0,8.0,2.0,,3.0
,May,11-13,11/5/18,15,ICM,43.0,40.0,8.0,3.0,,3.0
,May,13-14,13/5/18,18,YouGov,43.0,38.0,9.0,3.0,,3.0
,May,15-16,15/5/18,20,Opinium,43.0,39.0,6.0,3.0,,4.0
,May,16-17,16/5/18,23,ComRes,41.0,41.0,7.0,3.0,,3.0
,May,18-22,18/5/18,24,Ipsos MORI,40.0,40.0,7.0,5.0,,2.0
,May,20-21,20/5/18,22,YouGov,42.0,38.0,9.0,3.0,,2.0
,May,25-29,25/5/18,30,ICM,43.0,40.0,8.0,2.0,,3.0
,May,28-29,28/5/18,5,YouGov,42.0,39.0,9.0,2.0,,3.0
,May,31-4,31/5/18,8,Survation,41.0,40.0,9.0,2.0,,2.0
,Jun ,4-5,4/6/18,8,YouGov,44.0,37.0,8.0,3.0,,3.0
,Jun ,5-7,5/6/18,10,Opinium,42.0,40.0,7.0,2.0,,3.0
,Jun ,5-8,5/6/18,20,BMG,38.0,41.0,11.0,2.0,,4.0
,Jun ,8-10,8/6/18,12,ICM,42.0,40.0,8.0,3.0,,3.0
,Jun ,10-11,10/6/18,,YouGov,,,,,,
,Jun ,11-12,11/6/18,14,YouGov,42.0,39.0,8.0,2.0,,3.0
,Jun ,18-19,18/6/18,,YouGov,42.0,40.0,9.0,2.0,,3.0
,Jun ,19-20,19/6/18,21,Survation,41.0,38.0,7.0,3.0,,3.0
,Jun ,22-24,22/6/18,26,ICM,41.0,40.0,9.0,3.0,,3.0
,Jun ,22-27,22/6/18,29,Ipsos MORI,41.0,38.0,7.0,4.0,,4.0
,Jun ,25-26,25/6/18,3,YouGov,42.0,37.0,9.0,3.0,,3.0
,Jul,3-4,3/7/18,7,YouGov,41.0,40.0,9.0,2.0,,3.0
,Jul,3-5,3/7/18,8,BMG,39.0,37.0,10.0,4.0,,3.0
,Jul,5-9,5/7/18,10,Kantar TNS,40.0,38.0,9.0,3.0,,3.0
,Jul,6-9,6/7/18,11,ICM,41.0,39.0,9.0,3.0,,4.0
,Jul,7,7/7/18,7,Survation,38.0,40.0,10.0,2.0,,3.0
,Jul,8-9,8/7/18,10,YouGov,39.0,39.0,9.0,3.0,,5.0
,Jul,10-11,10/7/18,12,YouGov,37.0,39.0,10.0,3.0,,6.0
,Jul,10-13,10/7/18,15,Opinium,36.0,40.0,8.0,3.0,,8.0
,Jul,12-14,12/7/18,15,Deltapoll,37.0,42.0,7.0,3.0,,6.0
,Jul,16-17,16/7/18,18,YouGov,36.0,41.0,9.0,2.0,,7.0
,Jul,19-20,19/7/18,23,YouGov,38.0,39.0,9.0,2.0,,6.0
,Jul,20-22,20/7/18,25,ICM,40.0,41.0,8.0,3.0,,5.0
,Jul,20-23,20/7/18,,Sky,,,,,,
,Jul,20-24,20/7/18,27,Ipsos MORI,38.0,38.0,10.0,3.0,,6.0
,Jul,22-23,22/7/18,27,YouGov,38.0,38.0,10.0,3.0,,6.0
,Jul,30-31,30/7/18,,YouGov,38.0,38.0,10.0,3.0,,6.0
,Aug,3-5,3/8/18,10,ICM,39.0,40.0,7.0,3.0,,6.0
,Aug,8-9,8/8/18,10,YouGov,39.0,35.0,10.0,3.0,,7.0
,Aug,6-10,6/8/18,14,BMG,37.0,39.0,10.0,5.0,,5.0
,Aug,9-13,9/8/18,15,NCP,38.0,40.0,8.0,2.0,,5.0
,Aug,9-13,9/8/18,17,Kantar TNS,40.0,39.0,9.0,3.0,,4.0
,Aug,13-14,13/8/18,21,YouGov,41.0,38.0,8.0,3.0,,6.0
,Aug,14-15,14/8/18,16,YouGov,,,,,,
,Aug,14-16,14/8/18,19,Deltapoll,37.0,40.0,8.0,5.0,,6.0
,Aug,14-17,14/8/18,19,Opinium,39.0,38.0,7.0,3.0,,7.0
,Aug,17-19,17/8/18,22,ICM,40.0,40.0,8.0,2.0,,6.0
,Aug,17-20,17/8/18,,Sky,,,,,,
,Aug,20-21,20/8/18,23,YouGov,40.0,37.0,9.0,2.0,,6.0
,Aug,21-22,21/8/18,,YouGov,,,,,,
,Aug,28-29,28/8/18,31,YouGov,39.0,37.0,10.0,3.0,,5.0
,Aug,30-31,30/8/18,,YouGov,,,,,,
,Aug,31-1,31/8/18,,YouGov,,,,,,
,Aug,31-1,31/8/18,4,Survation,37.0,41.0,6.0,2.0,,7.0
,Sep,3-4,3/9/18,7,YouGov,39.0,35.0,11.0,4.0,,5.0
,Sep,4-7,4/9/18,7,BMG,37.0,38.0,11.0,4.0,,7.0
,Sep,6-10,6/9/18,13,Kantar TNS,40.0,35.0,10.0,4.0,,5.0
,Sep,7,7/9/18,8,Survation,38.0,37.0,10.0,1.0,,4.0
,Sep,7-9,7/9/18,12,ICM,42.0,39.0,8.0,3.0,,4.0
,Sep,10-11,10/9/18,,Sky,,,,,,
,Sep,11-13,11/9/18,16,Opinium,39.0,38.0,7.0,3.0,,6.0
,Sep,12-13,12/9/18,18,YouGov,40.0,36.0,11.0,3.0,,4.0
,Sep,14-18,14/9/18,20,Ipsos MORI,39.0,37.0,13.0,5.0,,2.0
,Sep,18-19,18/9/18,22,YouGov,40.0,36.0,11.0,2.0,,5.0
,Sep,18-20,18/9/18,24,Opinium,37.0,39.0,9.0,2.0,,8.0
,Sep,21-22,21/9/18,23,BMG,38.0,38.0,10.0,4.0,,5.0
,Sep,21-24,21/9/18,27,ICM,41.0,40.0,9.0,3.0,,4.0
,Sep,24-25,24/9/18,27,YouGov,42.0,36.0,11.0,2.0,,4.0
,Sep,26-27,26/9/18,28,ComRes,39.0,40.0,9.0,2.0,,5.0
,Sep,26-28,26/9/18,30,Opinium,39.0,36.0,9.0,3.0,,6.0
,Sep,28-29,28/9/18,30,BMG,35.0,40.0,12.0,3.0,,5.0
,Sep,28-1,28/9/18,,Sky,,,,,,
,Sep,30-1,29/9/18,5,YouGov,42.0,36.0,9.0,2.0,,5.0
,Oct,3-4,3/10/18,,YouGov,,,,,,
,Oct,3-5,3/10/18,5,BMG,38.0,39.0,10.0,4.0,,4.0
,Oct,3-5,3/10/18,7,Opinium,39.0,39.0,7.0,3.0,,6.0
,Oct,8-9,8/10/18,11,YouGov,41.0,37.0,9.0,3.0,,4.0
,Oct,10,10/10/18,19,Survation,40.0,39.0,7.0,,,6.0
,Oct,11-12,11/10/18,14,Opinium,41.0,37.0,8.0,3.0,,6.0
,Oct,11-15,11/10/18,20,Kantar TNS,41.0,36.0,10.0,4.0,,3.0
,Oct,11-12,11/10/18,,YouGov,,,,,,
,Oct,14-15,14/10/18,22,YouGov,41.0,36.0,9.0,3.0,,4.0
,Oct,19-22,19/10/18,24,Ipsos MORI,39.0,37.0,10.0,5.0,,5.0
,Oct,20-2,20/10/18,9,Survation,39.0,40.0,8.0,2.0,,3.0
,Oct,22-23,22/10/18,25,YouGov,41.0,36.0,8.0,4.0,,4.0
,Oct,24-26,24/10/18,29,Deltapoll,43.0,40.0,6.0,2.0,,5.0
,Oct,26-28,26/10/18,6,ICM,40.0,38.0,9.0,3.0,,5.0
,Oct,29-30,29/10/18,31,YouGov,41.0,39.0,7.0,2.0,,5.0
,Nov,2-7,2/11/18,17,Panelbase,40.0,40.0,8.0,3.0,,5.0
,Nov,4-5,4/11/18,12,YouGov,41.0,37.0,8.0,4.0,,4.0
,Nov,6-9,6/11/18,18-Dec,BMG,36.0,37.0,12.0,4.0,,6.0
,Nov,8-11,8/11/18,15,Kantar TNS,40.0,39.0,8.0,3.0,,3.0
,Nov,14-15,14/11/18,18,ComRes,36.0,40.0,9.0,3.0,,7.0
,Nov,14-15,14/11/18,18,Opinium,36.0,39.0,7.0,3.0,,8.0
,Nov,18-19,18/11/18,21,YouGov,39.0,36.0,8.0,4.0,,6.0
,Nov,23-26,23/11/18,,Sky,,,,,,
,Nov,26-27,26/11/18,30,YouGov,40.0,35.0,10.0,3.0,,6.0
,Nov,30-2,30/11/18,4,ComRes,37.0,39.0,9.0,3.0,,6.0
,Nov,30-5,30/11/18,7,Ipsos MORI,38.0,38.0,9.0,5.0,,4.0
,Dec,3-4,3/12/18,5,YouGov,40.0,38.0,9.0,4.0,,4.0
,Dec,4-7,4/12/18,18,BMG,37.0,38.0,12.0,4.0,,4.0
,Dec,5-6,5/12/18,7,Kantar TNS,38.0,38.0,9.0,5.0,,5.0
,Dec,4-5,4/12/18,,YouGov,,,,,,
,Dec,5-6,5/12/18,,YouGov,,,,,,
,Dec,6-7,6/12/18,10,YouGov,38.0,37.0,10.0,4.0,,3.0
,Dec,9-10,9/12/18,,YouGov,39.0,38.0,9.0,4.0,,5.0
,Dec,10-11,10/12/18,,YouGov,,,,,,
,Dec,10-11,10/12/18,,Populus,38.0,41.0,7.0,4.0,,6.0
,Dec,12-14,12/12/18,,YouGov,40.0,36.0,10.0,3.0,,4.0
,Dec,13-14,13/12/18,16,Opinium,38.0,39.0,8.0,4.0,,6.0
,Dec,14-15,14/12/18,,YouGov,38.0,35.0,10.0,4.0,,4.0
,Dec,16-17,16/12/18,,YouGov,41.0,39.0,7.0,3.0,,4.0
,Dec,18-19,18/12/18,,YouGov,,,,,,
,Dec,18-20,18/12/18,23,Opinium,39.0,39.0,6.0,4.0,,6.0
,Dec,21-4,21/12/18,,YouGov,40.0,34.0,10.0,4.0,,4.0
2019,Jan,6-7,6/1/19,14,YouGov,41.0,35.0,11.0,3.0,,4.0
,Jan,8-11,8/1/19,13,BMG,36.0,36.0,12.0,5.0,,6.0
,Jan,10-11,9/1/19,12,Survation,38.0,41.0,10.0,2.0,,4.0
,Jan,10-11,10/1/19,,YouGov,,,,,,
,Jan,10-14,10/1/19,15,Kantar TNS,35.0,38.0,9.0,4.0,,6.0
,Jan,10-17,10/1/19,19,NCP,41.0,39.0,8.0,2.0,,4.0
,Jan,13-14,13/1/19,17,YouGov,39.0,34.0,11.0,4.0,,6.0
,Jan,14-15,14/1/19,17,ComRes,37.0,39.0,8.0,3.0,,7.0
,Jan,16-17,16/1/19,20,ComRes,38.0,37.0,10.0,3.0,,6.0
,Jan,16-18,16/1/19,20,Opinium,37.0,40.0,7.0,4.0,,7.0
,Jan,16-18,16/1/19,20,ICM,39.0,40.0,9.0,3.0,,5.0
,Jan,22-24,22/1/19,31,YouGov,,,,,,
,Jan,30,30/1/19,31,Survation,38.0,39.0,9.0,2.0,,4.0
,Jan,30-1,30/1/19,3,Opinium,41.0,34.0,8.0,4.0,,7.0
,Feb,1-5,1/2/19,7,Ipsos MORI,38.0,38.0,10.0,3.0,,4.0
,Feb,2-7,2/2/19,12,YouGov,39.0,34.0,11.0,4.0,,5.0
,Feb,3-4,3/2/19,7,YouGov,41.0,34.0,10.0,4.0,,4.0
,Feb,4-8,4/2/19,18,BMG,38.0,35.0,13.0,5.0,,5.0
,Feb,7-11,7/2/19,12,Kantar TNS,40.0,35.0,10.0,4.0,,3.0
,Feb,8-11,8/2/19,19,Deltapoll,,,,,,
,Feb,13-15,13/2/19,17,Opinium,37.0,37.0,8.0,4.0,,7.0
,Feb,18,18/2/19,19,Survation,40.0,36.0,10.0,2.0,,5.0
,Feb,18-19,18/2/19,20,YouGov,41.0,33.0,10.0,4.0,,4.0
,Feb,18-19,18/2/19,20,YouGov,38.0,26.0,7.0,,,
,Feb,19,19/2/19,19,Sky,32.0,26.0,9.0,4.0,,6.0
,Feb,20-22,20/2/19,24,Opinium,40.0,32.0,5.0,4.0,,7.0
,Feb,21-23,21/2/19,24,Deltapoll,39.0,31.0,5.0,3.0,,4.0
,Feb,21-23,21/2/19,24,Deltapoll,43.0,36.0,6.0,3.0,,6.0
,Feb,22-23,22/2/19,26,YouGov,41.0,30.0,10.0,4.0,2.0,5.0
,Feb,22-23,22/2/19,26,YouGov,36.0,23.0,6.0,,,
,Feb,26-1,26/2/19,3,Opinium,40.0,34.0,9.0,3.0,,7.0
,Feb,26-1,26/2/19,3,Opinium,37.0,33.0,7.0,4.0,,7.0
,Mar,3-4,3/3/19,8,YouGov,40.0,31.0,11.0,4.0,3.0,3.0
,Mar,4-5,4/3/19,6,ComRes,36.0,34.0,8.0,3.0,,6.0
,Mar,4-8,4/3/19,10,BMG,39.0,34.0,12.0,4.0,,5.0
,Mar,6-7,6/3/19,,YouGov,,,,,,
,Mar,7-11,7/3/19,12,Kantar TNS,41.0,31.0,8.0,6.0,,6.0
,Mar,12-15,12/3/19,,Opinium,38.0,34.0,8.0,3.0,,8.0
,Mar,12-15,12/3/19,,Opinium,35.0,35.0,7.0,4.0,,8.0
,Mar,14-15,14/3/19,17,YouGov,35.0,31.0,12.0,4.0,4.0,6.0
,Mar,14-15,14/3/19,,OnePoll,29.0,33.0,9.0,6.0,6.0,8.0
,Mar,15,15/3/19,16,Survation,35.0,39.0,10.0,,,
,Mar,15-17,15/3/19,18,ComRes,34.0,35.0,8.0,3.0,,6.0
,Mar,15-19,15/3/19,21,Ipsos MORI,38.0,34.0,8.0,4.0,1.0,7.0
,Mar,20-21,20/3/19,22,ComRes,34.0,35.0,8.0,4.0,,7.0
,Mar,20-22,20/3/19,24,Opinium,36.0,35.0,7.0,4.0,,9.0
,Mar,22-24,22/3/19,,YouGov,,,,,,
,Mar,22-24,22/3/19,26,ComRes,33.0,33.0,8.0,3.0,,7.0
,Mar,24-25,24/3/19,27,YouGov,36.0,33.0,11.0,4.0,5.0,4.0
,Mar,28-30,28/3/19,31,Deltapoll,32.0,35.0,7.0,2.0,6.0,6.0
,Mar,28-29,28/3/19,31,Opinium,35.0,35.0,9.0,5.0,,9.0
,Mar,28-30,28/3/19,31,Deltapoll,36.0,41.0,7.0,3.0,,7.0
,Apr,2-3,2/4/19,5,YouGov,32.0,31.0,12.0,4.0,5.0,7.0
,Apr,2-5,2/4/19,7,BMG,35.0,34.0,11.0,5.0,,6.0
,Apr,2-5,2/4/19,7,BMG,29.0,31.0,8.0,4.0,6.0,7.0
,Apr,3,3/4/19,,Sky,,,,,,
,Apr,4-8,4/4/19,10,Kantar TNS,32.0,35.0,11.0,4.0,,7.0
,Apr,5-7,5/4/19,9,ComRes,32.0,32.0,7.0,3.0,,9.0
,Apr,5-8,5/4/19,8,Hanbury,31.0,40.0,8.0,5.0,,8.0
,Apr,9-12,9/4/19,13,Opinium,29.0,36.0,8.0,4.0,,11.0
,Apr,10-11,10/4/19,13,YouGov,28.0,32.0,11.0,5.0,8.0,6.0
,Apr,16,16/4/19,18,ComRes,23.0,33.0,7.0,3.0,14.0,5.0
,Apr,16-17,16/4/19,18,YouGov,29.0,30.0,10.0,5.0,12.0,4.0
,Apr,16-17,16/4/19,21,ORB,27.0,30.0,8.0,4.0,14.0,5.0
,Apr,17-18,17/4/19,24,OnePoll,24.0,32.0,9.0,5.0,13.0,5.0
,Apr,18-24,18/4/19,8,Panelbase,27.0,36.0,8.0,3.0,13.0,5.0
,Apr,23-24,23/4/19,26,YouGov,27.0,30.0,11.0,5.0,14.0,4.0
,Apr,21-23,21/4/19,28,Opinium,26.0,33.0,6.0,4.0,17.0,4.0
,Apr,29-30,29/4/19,8,YouGov,29.0,29.0,13.0,5.0,15.0,2.0
,May,3-7,3/5/19,9,Opinium,25.0,30.0,11.0,5.0,17.0,4.0
,May,7-10,7/5/19,16,BMG,27.0,30.0,18.0,6.0,10.0,3.0
,May,8-9,8/5/19,13,YouGov,24.0,24.0,16.0,7.0,18.0,2.0
,May,8-17,8/5/19,19,YouGov,24.0,24.0,18.0,6.0,18.0,2.0
,May,8-10,8/5/19,12,Opinium,22.0,28.0,11.0,6.0,21.0,4.0
,May,9,9/5/19,12,ComRes,19.0,27.0,14.0,5.0,20.0,3.0
,May,9-13,9/5/19,14,Kantar TNS,25.0,34.0,15.0,3.0,10.0,4.0
,May,9-13,9/5/19,17,Hanbury,21.0,30.0,13.0,5.0,19.0,2.0
,May,10-12,10/5/19,15,ComRes,20.0,27.0,13.0,4.0,20.0,4.0
,May,10-14,10/5/19,16,Ipsos MORI,25.0,27.0,15.0,7.0,16.0,3.0
,May,13-14,13/5/19,17,YouGov,25.0,25.0,16.0,7.0,18.0,2.0
,May,14-15,14/5/19,16,YouGov,,,,,,
,May,14-16,14/5/19,19,Opinium,22.0,29.0,11.0,3.0,24.0,2.0
,May,14-21,14/5/19,22,Panelbase,21.0,31.0,13.0,5.0,19.0,3.0
,May,17,17/5/19,18,Survation,27.0,32.0,13.0,3.0,13.0,2.0
,May,17-20,17/5/19,24,Opinium,22.0,26.0,12.0,4.0,25.0,2.0
,May ,18-21,18/5/19,23,NCP,27.0,31.0,15.0,4.0,14.0,1.0
,May,22,22/5/19,23,Survation,28.0,33.0,13.0,3.0,12.0,3.0
,May,28-29,28/5/19,31,YouGov,19.0,19.0,24.0,8.0,22.0,1.0
,May,28-30,28/5/19,2,Opinium,17.0,22.0,16.0,11.0,26.0,1.0
,May,29-30,29/5/19,2,Deltapoll,20.0,26.0,16.0,5.0,24.0,1.0
,Jun,2-3,2/6/19,,YouGov,,,,,,
,Jun ,4-7,4/6/19,9,BMG,26.0,27.0,17.0,6.0,18.0,1.0
,Jun ,5-6,4/6/19,7,YouGov,18.0,20.0,20.0,9.0,26.0,1.0
,Jun ,7-9,7/6/19,12,ComRes,23.0,27.0,17.0,5.0,22.0,1.0
,Jun ,9-10,9/6/19,14,YouGov,17.0,19.0,22.0,8.0,26.0,0.0
,Jun ,13-14,13/6/19,16,YouGov,21.0,21.0,19.0,9.0,24.0,0.0
,Jun ,18-19,18/6/19,21,YouGov,20.0,20.0,21.0,9.0,23.0,1.0
,Jun,19-20,19/6/19,23,Opinium,20.0,26.0,16.0,6.0,23.0,2.0
,Jun,19-20,19/6/19,23,Survation,24.0,26.0,18.0,6.0,20.0,1.0
,Jun,21-25,21/6/19,27,Ipsos MORI,26.0,24.0,22.0,8.0,12.0,1.0
,Jun,22-24,22/6/19,,YouGov,,,,,,
,Jun,24-25,24/6/19,27,YouGov,22.0,20.0,19.0,10.0,22.0,1.0
,Jun,29-1,29/6/19,,YouGov,,,,,,
,Jun,30-1,30/6/19,5,YouGov,,,,,,
,Jul,2-3,2/7/19,4,YouGov,24.0,18.0,20.0,9.0,23.0,0.0
,Jul,2-5,2/7/19,11,BMG,28.0,27.0,18.0,6.0,14.0,2.0
,Jul,3-5,3/7/19,7,Opinium,23.0,25.0,15.0,8.0,22.0,1.0
,Jul,5-7,5/7/19,8,ComRes,25.0,28.0,16.0,5.0,19.0,1.0
,Jul,6-8,6/7/19,,YouGov,,,,,,
,Jul,9-10,9/7/19,12,YouGov,24.0,20.0,19.0,9.0,21.0,0.0
,Jul,10-11,10/7/19,12,Survation,23.0,29.0,19.0,3.0,20.0,
,Jul,10-11,10/7/19,14,ComRes,24.0,28.0,15.0,5.0,20.0,1.0
,Jul,13-14,13/7/19,,YouGov,,,,,,
,Jul,15-16,15/7/19,18,ComRes,25.0,28.0,17.0,5.0,19.0,1.0
,Jul,16-17,16/7/19,18,YouGov,25.0,21.0,20.0,8.0,19.0,0.0
,Jul,20-22,20/7/19,,YouGov,,,,,,
,Jul,21-30,21/7/19,7,YouGov,,,,,,
,Jul,21-22,21/7/19,,YouGov,,,,,,
,Jul,23-24,23/7/19,24,YouGov,25.0,19.0,23.0,9.0,17.0,1.0
,Jul,24-25,24/7/19,28,ComRes,28.0,27.0,19.0,4.0,16.0,1.0
,Jul,24-26,24/7/19,28,Opinium,30.0,28.0,16.0,5.0,15.0,1.0
,Jul,25-26,25/7/19,28,YouGov,31.0,21.0,20.0,8.0,13.0,0.0
,Jul,25-27,25/7/19,28,Deltapoll,30.0,25.0,18.0,4.0,14.0,1.0
,Jul,26-28,26/7/19,2,ComRes,29.0,30.0,16.0,5.0,15.0,1.0
,Jul,26-30,26/7/19,1,Ipsos MORI,34.0,24.0,20.0,6.0,9.0,1.0
,Jul,27-29,27/7/19,,YouGov,,,,,,
,Jul,29?,29/7/19,,YouGov,,,,,,
,Jul,29-30,29/7/19,31,YouGov,32.0,22.0,19.0,8.0,13.0,0.0
,Aug,3-5,3/8/19,,YouGov,,,,,,
,Aug,5?,5/8/19,,YouGov,,,,,,
,Aug,5-6,5/8/19,8,YouGov,31.0,22.0,21.0,7.0,14.0,0.0
,Aug,6-11,6/8/19,14,Survation,28.0,24.0,21.0,3.0,15.0,
,Aug,7-12,7/8/19,18,BMG,31.0,25.0,19.0,7.0,12.0,1.0
,Aug,8-9,8/8/19,11,Opinium,31.0,28.0,13.0,5.0,16.0,1.0
,Aug,8-9,8/8/19,11,Opinium,,,,,,
,Aug,9-11,9/8/19,13,ComRes,31.0,27.0,16.0,4.0,16.0,1.0
,Aug,10-11,10/8/19,,YouGov,,,,,,
,Aug,10-19,10/8/19,,YouGov,,,,,,
,Aug,13-14,13/8/19,21,YouGov,30.0,21.0,20.0,8.0,14.0,1.0
,Aug,15-19,15/8/19,21,Kantar TNS,42.0,28.0,15.0,3.0,5.0,0.0
,Aug,20-21,20/8/19,23,YouGov,32.0,22.0,20.0,7.0,12.0,0.0
,Aug,21-23,21/8/19,25,Opinium,32.0,26.0,15.0,4.0,16.0,1.0
,Aug,21-23,21/8/19,25,Opinium,,,,,,
,Aug,22-23,22/8/19,25,YouGov,33.0,21.0,19.0,7.0,14.0,0.0
,Aug,24-26,24/8/19,,YouGov,,,,,,
,Aug,26-27,26/8/19,,YouGov,,,,,,
,Aug,27-28,27/8/19,29,YouGov,34.0,22.0,17.0,8.0,13.0,1.0
,Aug,28-29,28/8/19,30,YouGov,33.0,22.0,21.0,7.0,12.0,0.0
,Aug,28-3,28/8/19,,YouGov,34.0,23.0,19.0,7.0,12.0,0.0
,Aug,29-30,29/8/19,31,Survation,31.0,24.0,21.0,3.0,14.0,
,Aug,29-31,29/8/19,1,Deltapoll,35.0,24.0,18.0,4.0,14.0,0.0
,Aug,30-3,30/8/19,5,ICM,37.0,30.0,16.0,4.0,9.0,1.0
,Aug,31-2,31/8/19,,YouGov,,,,,,
,Sep,2-3,2/9/19,3,YouGov,35.0,25.0,16.0,7.0,11.0,1.0
,Sep,3-4,3/9/19,5,Hanbury,33.0,26.0,17.0,3.0,14.0,
,Sep,3-4,3/9/19,5,Hanbury,,,,,,
,Sep,3-6,3/9/19,15,BMG,31.0,27.0,19.0,6.0,13.0,1.0
,Sep,4-6,4/9/19,8,Opinium,35.0,25.0,17.0,3.0,13.0,1.0
,Sep,4-6,4/9/19,8,Opinium,,,,,,
,Sep,4-6,4/9/19,8,ComRes,31.0,27.0,20.0,3.0,13.0,1.0
,Sep,5-6,5/9/19,7,Survation,29.0,24.0,18.0,3.0,17.0,
,Sep,5-6,5/9/19,7,Survation,,,,,,
,Sep,5-6,5/9/19,7,Panelbase,31.0,28.0,19.0,2.0,15.0,0.0
,Sep,5-6,5/9/19,8,YouGov,35.0,21.0,19.0,7.0,12.0,0.0
,Sep,5-7,5/9/19,8,Deltapoll,31.0,28.0,17.0,4.0,13.0,1.0
,Sep,5-9,5/9/19,11,Kantar TNS,38.0,24.0,20.0,3.0,7.0,1.0
,Sep,6-8,6/9/19,11,ComRes,30.0,29.0,17.0,4.0,13.0,1.0
,Sep,7-9,7/9/19,,YouGov,,,,,,
,Sep,9-10,9/9/19,11,YouGov,32.0,23.0,19.0,7.0,14.0,0.0
,Sep,11-12,11/9/19,14,ComRes,28.0,27.0,20.0,5.0,13.0,1.0
,Sep,11-13,11/9/19,14,Opinium,37.0,25.0,16.0,2.0,13.0,1.0
,Sep,11-13,11/9/19,14,Opinium,,,,,,
,Sep,12-14,12/9/19,,YouGov,,,,,,
,Sep,13-16,13/9/19,19,Ipsos MORI,33.0,24.0,23.0,4.0,10.0,0.0
,Sep,14-16,14/9/19,,YouGov,,,,,,
,Sep,16-17,16/9/19,17,YouGov,,,,,,
,Sep,17-18,17/9/19,19,YouGov,32.0,21.0,23.0,4.0,14.0,1.0
,Sep,18-19,18/9/19,23,ComRes,29.0,27.0,21.0,5.0,13.0,0.0
,Sep,19-20,19/9/19,22,Opinium,37.0,22.0,17.0,4.0,12.0,2.0
,Sep,19-20,19/9/19,22,Opinium,,,,,,
,Sep,19-20,19/9/19,22,YouGov,30.0,23.0,22.0,5.0,14.0,0.0
,Sep,21-23,21/9/19,,YouGov,,,,,,
,Sep,24,24/9/19,25,ComRes,27.0,27.0,20.0,,17.0,
,Sep,24-25,24/9/19,26,YouGov,33.0,22.0,22.0,6.0,14.0,0.0
,Sep,25,25/9/19,26,Survation,27.0,24.0,22.0,3.0,16.0,
,Sep,25-27,25/9/19,28,Opinium,36.0,24.0,20.0,2.0,11.0,0.0
,Sep,25-27,25/9/19,28,Opinium,,,,,,
,Sep,26-27,26/9/19,29,YouGov,33.0,22.0,21.0,5.0,13.0,0.0
,Sep,28-30,28/9/19,,YouGov,,,,,,
,Sep,30-1,30/9/19,2,YouGov,34.0,21.0,23.0,5.0,12.0,0.0
,Oct,1-4,1/10/19,8,BMG,31.0,26.0,20.0,7.0,11.0,0.0
,Oct,2-3,2/10/19,4,YouGov,,,,,,
,Oct,3-4,3/10/19,6,Opinium,38.0,23.0,15.0,4.0,12.0,1.0
,Oct,3-4,3/10/19,6,Opinium,,,,,,
,Oct,4-6,4/10/19,6,ComRes,33.0,27.0,19.0,3.0,13.0,1.0
,Oct,4-7,4/10/19,,ICM,35.0,29.0,16.0,4.0,11.0,1.0
,Oct,5-6,5/10/19,,YouGov,,,,,,
,Oct,8-9,8/10/19,11,YouGov,35.0,22.0,20.0,6.0,12.0,0.0
,Oct,9-10,9/10/19,12,ComRes,33.0,27.0,18.0,4.0,12.0,0.0
,Oct,9-11,9/10/19,14,Panelbase,33.0,30.0,17.0,3.0,12.0,0.0
,Oct,9-14,9/10/19,23,Sky,,,,,,
,Oct,10-15,10/10/19,19,Kantar TNS,39.0,25.0,18.0,3.0,8.0,1.0
,Oct,12-14,12/10/19,,YouGov,,,,,,
,Oct,14-15,14/10/19,16,YouGov,37.0,22.0,18.0,5.0,11.0,1.0
,Oct,15-17,15/10/19,20,Opinium,37.0,24.0,16.0,4.0,12.0,2.0
,Oct,15-17,15/10/19,20,Opinium,,,,,,
,Oct,16-17,16/10/19,18,ComRes,33.0,29.0,18.0,4.0,12.0,0.0
,Oct,17-18,17/10/19,18,Panelbase,36.0,27.0,17.0,3.0,11.0,0.0
,Oct,17-18,17/10/19,19,Survation,32.0,24.0,21.0,2.0,13.0,
,Oct,17-28,17/10/19,31,YouGov,36.0,22.0,19.0,6.0,12.0,0.0
,Oct,18-21,18/10/19,22,Deltapoll,37.0,24.0,19.0,3.0,11.0,1.0
,Oct,19-21,19/10/19,,YouGov,,,,,,
,Oct,20-21,20/10/19,22,YouGov,37.0,22.0,19.0,7.0,11.0,1.0
,Oct,23-25,23/10/19,27,Opinium,40.0,24.0,15.0,3.0,10.0,1.0
,Oct,23-25,23/10/19,27,Opinium,,,,,,
,Oct,23-24,23/10/19,,YouGov,,,,,,
,Oct,24-25,24/10/19,26,YouGov,36.0,23.0,18.0,6.0,12.0,0.0
,Oct,25-28,25/10/19,31,Ipsos MORI,41.0,24.0,20.0,3.0,7.0,0.0
,Oct,26-28,26/10/19,,YouGov,,,,,,
,Oct,29-30,29/10/19,31,Survation,34.0,26.0,19.0,1.0,12.0,
,Oct,29-30,29/10/19,31,YouGov,36.0,21.0,18.0,6.0,13.0,0.0
,Oct,30-31,30/10/19,1,Panelbase,40.0,29.0,14.0,3.0,9.0,
,Oct,30-31,30/10/19,2,ORB,36.0,28.0,14.0,4.0,12.0,
,Oct,30-31,30/10/19,3,ComRes,36.0,28.0,17.0,3.0,10.0,0.0
,Oct,30-1,30/10/19,3,Opinium,42.0,26.0,16.0,2.0,9.0,0.0
,Oct,30-1,30/10/19,3,Opinium,,,,,,
,Oct,30-5,30/10/19,11,ComRes,36.0,29.0,17.0,3.0,11.0,0.0
,Oct,31-1,30/10/19,3,YouGov,39.0,27.0,16.0,4.0,7.0,0.0
,Oct,31-2,31/10/19,3,Deltapoll,40.0,28.0,14.0,2.0,11.0,1.0
,Nov,1-4,1/11/19,4,ICM,38.0,31.0,15.0,3.0,9.0,1.0
,Nov,1-4,1/11/19,5,YouGov,38.0,25.0,16.0,5.0,11.0,0.0
,Nov,2-4,2/11/19,,YouGov,,,,,,
,Nov,5-6,5/11/19,7,YouGov,36.0,25.0,17.0,5.0,11.0,0.0
,Nov,5-8,5/11/19,10,BMG,37.0,29.0,16.0,7.0,9.0,0.0
,Nov,6-8,6/11/19,8,Panelbase,40.0,30.0,15.0,3.0,8.0,
,Nov,6-8,6/11/19,10,Opinium,41.0,29.0,15.0,2.0,6.0,0.0
,Nov,6-8,6/11/19,10,Opinium,,,,,,
,Nov,6-8,6/11/19,12,Survation,35.0,29.0,17.0,1.0,10.0,
,Nov,6-9,6/11/19,10,Deltapoll,41.0,29.0,16.0,2.0,6.0,1.0
,Nov,7-8,7/11/19,10,YouGov,39.0,26.0,17.0,4.0,10.0,0.0
,Nov,7-11,7/11/19,13,Kantar TNS,37.0,27.0,17.0,3.0,9.0,1.0
,Nov,8-10,8/11/19,13,ComRes,37.0,29.0,17.0,3.0,9.0,0.0
,Nov,8-11,8/11/19,11,ICM,39.0,31.0,15.0,3.0,8.0,
,Nov,8-11,8/11/19,,Ipsos MORI,,,,,,
,Nov,9-11,9/11/19,,YouGov,,,,,,
,Nov,9-11,9/11/19,,Hanbury,36.0,29.0,16.0,,9.0,
,Nov,11-12,11/11/19,12,YouGov,39.0,26.0,16.0,5.0,9.0,0.0
,Nov,11-12,11/11/19,12,YouGov,42.0,28.0,15.0,4.0,4.0,
,Nov,11-12,11/11/19,14,ComRes,40.0,30.0,16.0,3.0,7.0,0.0
,Nov,12-15,12/11/19,17,BMG,37.0,29.0,16.0,5.0,9.0,0.0
,Nov,12-20,12/11/19,22,YouGov,43.0,29.0,15.0,3.0,4.0,
,Nov,13-14,13/11/19,,YouGov,,,,,,
,Nov,13-14,13/11/19,15,Panelbase,43.0,30.0,15.0,2.0,5.0,
,Nov,13-14,13/11/19,17,ComRes,41.0,33.0,14.0,2.0,5.0,0.0
,Nov,13-15,13/11/19,17,Opinium,44.0,28.0,14.0,3.0,6.0,0.0
,Nov,13-15,13/11/19,17,Opinium,,,,,,
,Nov,14-15,14/11/19,17,YouGov,45.0,28.0,15.0,3.0,4.0,
,Nov,14-16,14/11/19,17,Deltapoll,45.0,30.0,11.0,2.0,6.0,2.0
,Nov,14-16,14/11/19,18,Survation,42.0,28.0,13.0,3.0,5.0,
,Nov,14-18,14/11/19,19,Kantar TNS,45.0,27.0,16.0,3.0,2.0,0.0
,Nov,15-18,15/11/19,18,ICM,42.0,32.0,13.0,3.0,5.0,
,Nov,15-18,15/11/19,21,Ipsos MORI,,,,,,
,Nov,15-19,15/11/19,21,Ipsos MORI,44.0,28.0,16.0,3.0,3.0,
,Nov,16-18,16/11/19,,YouGov,,,,,,
,Nov,18-19,18/11/19,19,YouGov,42.0,30.0,15.0,4.0,4.0,
,Nov,18-19,18/11/19,20,ComRes,42.0,31.0,15.0,2.0,5.0,
,Nov,19-21,19/11/19,24,BMG,41.0,28.0,18.0,5.0,3.0,0.0
,Nov,20-21,20/11/19,24,ComRes,42.0,32.0,15.0,2.0,5.0,
,Nov,20-22,20/11/19,22,Panelbase,42.0,32.0,14.0,3.0,3.0,
,Nov,20-22,20/11/19,24,Opinium,47.0,28.0,12.0,3.0,3.0,0.0
,Nov,20-22,20/11/19,24,Opinium,,,,,,
,Nov,20-23,20/11/19,24,Survation,41.0,30.0,15.0,3.0,5.0,
,Nov,20-26,20/11/19,28,YouGov,43.0,32.0,14.0,3.0,3.0,
,Nov,21-22,21/11/19,23,YouGov,42.0,30.0,16.0,4.0,3.0,
,Nov,21-23,21/11/19,24,Deltapoll,43.0,30.0,16.0,3.0,3.0,0.0
,Nov,21-25,21/11/19,26,Kantar TNS,43.0,32.0,14.0,4.0,3.0,
,Nov,22-25,22/11/19,25,ICM,41.0,34.0,13.0,3.0,4.0,
,Nov,22-25,22/11/19,27,Ipsos MORI,,,,,,
,Nov,23-25,23/11/19,,YouGov,,,,,,
,Nov,25-26,25/11/19,26,YouGov,43.0,32.0,13.0,2.0,4.0,
,Nov,25-26,25/11/19,27,ComRes,41.0,34.0,13.0,2.0,5.0,
,Nov,26-30,26/11/19,2,Survation,42.0,33.0,11.0,4.0,3.0,
,Nov,27-28,27/11/19,28,Panelbase,42.0,34.0,13.0,3.0,4.0,
,Nov,27-28,27/11/19,1,ComRes,43.0,33.0,13.0,3.0,4.0,
,Nov,27-29,27/11/19,1,BMG,39.0,33.0,13.0,5.0,4.0,0.0
,Nov,27-29,27/11/19,1,Opinium,46.0,31.0,13.0,2.0,2.0,0.0
,Nov,27-29,27/11/19,1,Opinium,,,,,,
,Nov,27-10,27/11/19,10,Focaldata,42.0,34.0,14.0,4.0,4.0,
,Nov,28-29,28/11/19,1,YouGov,43.0,34.0,13.0,3.0,2.0,
,Nov,28-30,28/11/19,1,Deltapoll,45.0,32.0,15.0,1.0,3.0,0.0
,Nov,28-2,28/11/19,3,Kantar TNS,44.0,32.0,15.0,3.0,2.0,
,Nov,29-2,29/11/19,2,ICM,42.0,35.0,13.0,2.0,3.0,
,Nov,29-2,29/11/19,4,Ipsos MORI,,,,,,
,Nov,30-1,30/11/19,,YouGov,,,,,,
,Dec,2-3,2/12/19,3,YouGov,42.0,33.0,12.0,4.0,4.0,
,Dec,2-3,2/12/19,4,ComRes,42.0,32.0,12.0,2.0,3.0,
,Dec,2-4,2/12/19,6,Ipsos MORI,44.0,32.0,13.0,3.0,2.0,
,Dec,2-5,2/12/19,8,ComRes,42.0,36.0,11.0,2.0,4.0,
,Dec,3-6,4/12/19,8,BMG,41.0,32.0,14.0,4.0,4.0,0.0
,Dec,4-5,4/12/19,8,ComRes,41.0,33.0,12.0,2.0,3.0,
,Dec,4-6,4/12/19,6,Panelbase,43.0,34.0,13.0,2.0,3.0,
,Dec,4-6,4/12/19,8,Opinium,46.0,31.0,13.0,3.0,2.0,0.0
,Dec,4-6,4/12/19,8,Opinium,,,,,,
,Dec,4-10,4/12/19,11,YouGov,43.0,34.0,12.0,3.0,3.0,
,Dec,5-6,5/12/19,8,YouGov,43.0,33.0,13.0,3.0,3.0,
,Dec,5-7,5/12/19,8,Deltapoll,44.0,33.0,11.0,2.0,3.0,1.0
,Dec,5-7,5/12/19,9,Survation,45.0,31.0,11.0,2.0,4.0,
,Dec,5-8,5/12/19,11,Qriously,43.0,30.0,12.0,4.0,3.0,
,Dec,6-8,6/12/19,10,ComRes,43.0,36.0,12.0,2.0,3.0,
,Dec,6-9,6/12/19,9,ICM,42.0,36.0,12.0,2.0,3.0,
,Dec,6-9,6/12/19,10,Ipsos MORI,,,,,,
,Dec,6-11,6/12/19,12,BMG,41.0,32.0,14.0,4.0,3.0,0.0
,Dec,8-10,8/12/19,11,NCP,43.0,33.0,12.0,3.0,3.0,
,Dec,9-10,9/12/19,12,ComRes,41.0,36.0,12.0,2.0,3.0,
,Dec,9-11,9/12/19,11,Kantar TNS,44.0,32.0,13.0,3.0,3.0,
,Dec,9-11,9/12/19,11,Deltapoll,45.0,35.0,10.0,3.0,3.0,
,Dec,9-11,9/12/19,12,Ipsos MORI,44.0,33.0,12.0,3.0,2.0,
,Dec,9-10,9/12/19,,YouGov,,,,,,
,Dec,10-11,10/12/19,11,Opinium,45.0,33.0,12.0,2.0,2.0,0.0
,Dec,10-11,10/12/19,11,Opinium,,,,,,
,Dec,10-11,10/12/19,11,Panelbase,43.0,34.0,11.0,4.0,3.0,
,Dec,10-11,10/12/19,11,Survation,44.5,33.7,9.3,3.2,3.1,
,Dec,10-11,10/12/19,,,,,,,,
,Dec,10-11,10/12/19,12,Result,44.7,32.9,11.8,2.8,2.1,
,,,,,,,,,,,
,,,,,,,,,,,
,,,,,,,,,,,
,,,,,,,,,,,
,,,,,,,,,,,
,,,,,,,,,,,
,,,,,,,,,,,
,,,,,,,,,,,
,,,,,,,,,,,
,,,,,,,,,,,
,,,,,,,,,,,
,,,,,,,,,,,
,,,,,,,,,,,
,,,,,,,,,,,
,,,,,,,,,,,
,,,,,,,,,,,
,,,,,,,,,,,
,,,,,,,,,,,
,,,,,,,,,,,
,,,,,,,,,,,
,,,,,,,,,,,
,,,,,,,,,,,
,,,,,,,,,,,
,,,,,,,,,,,
,,,,,,,,,,,
,,,,,,,,,,,
,,,,,,,,,,,
,,,,,,,,,,,
,,,,,,,,,,,
,,,,,,,,,,,
,,,,,,,,,,,