id,Constituency,Region,1964 Vote Share,1966 Vote Share,1970 Vote Share,1974 (F) Vote Share,1974 (O) Vote Share,1979 Vote Share,1983 Vote Share,1987 Vote Share,1992 Vote Share,1997 Vote Share,2001 Vote Share,2005 Vote Share,2010 Vote Share,2015 Vote Share,2017 Vote Share,2019 Vote Share
W07000049,ABERAVON,Wales,0,0,0,0,0.0,0.0,0.0,0.0,0.0,0.0,0,0,0.0,0.0,0.0,0.0
W07000058,ABERCONWY,Wales,0,0,0,0,0,0,0,0,0,0,0,0,0.0,0.0,0.0,0.0
S14000001,ABERDEEN NORTH,Scotland,0,0,0,0,0.0,0.0,0.0,0.0,0.0,0.0,0,0,0.0,0.0,0.0,0.0
S14000002,ABERDEEN SOUTH,Scotland,0,0,0,0,0.0,0.0,0.0,0.0,0.0,0.0,0,0,0.0,0.0,0.0,0.0
S14000003,AIRDRIE AND SHOTTS,Scotland,0,0,0,0,0,0,0,0,0,0,0,0,0.0,0,0.0,0.0
E14000530,ALDERSHOT,South East,0,0,0,0,0.0,0.0,0.0,0.0,0.0,0.0,0,0,0.0,0.0,0.0,0.0
E14000531,ALDRIDGE-BROWNHILLS,West Midlands,0,0,0,0,0,0,0.0,0.0,0.0,0,0,0,0.0,0.0,0.0,0.0
E14000532,ALTRINCHAM AND SALE WEST,North West,0,0,0,0,0,0,0,0,0,0,0,0,0.0,0,0.0,0.0
W07000043,ALYN AND DEESIDE,Wales,0,0,0,0,0,0,0,0,0,0,0,0,0.0,0,0.0,0.0
E14000533,AMBER VALLEY,East Midlands,0,0,0,0,0,0,0.0,0.0,0.0,0.0,0,0,0.0,0.0,0.0,0.0
S14000004,ANGUS,Scotland,0,0,0,0,0,0,0,0,0,0.0,0,0,0.0,0.0,0.0,0.0
W07000057,ARFON,Wales,0,0,0,0,0,0,0,0,0,0,0,0,0.0,0.0,0.0,0.0
S14000005,ARGYLL AND BUTE,Scotland,0,0,0,0,0,0,0,0,0,0,0,0,0.0,0,0.0,0.0
E14000534,ARUNDEL AND SOUTH DOWNS,South East,0,0,0,0,0,0,0,0,0,0,0,0,0.0,0,0.0,0.0
E14000535,ASHFIELD,East Midlands,0,0,0,0,0.0,0.0,0.0,0.0,0.0,0.0,0,0,0.0,0.0,0.0,0.0
E14000536,ASHFORD,South East,0,0,0,0,0.0,0.0,0.0,0.0,0.0,0.0,0,0,0.0,0.0,0.0,0.0
E14000537,ASHTON-UNDER-LYNE,North West,0,0,0,0,0,0,0.0,0.0,0.0,0,0,0,0.0,0,0.0,0.0
E14000538,AYLESBURY,South East,0,0,0,0,0.0,0.0,0.0,0.0,0.0,0.0,0,0,0.0,0.0,0.0,0.0
S14000006,"AYR, CARRICK AND CUMNOCK",Scotland,0,0,0,0,0,0,0,0,0,0,0,0,0.0,0,0.0,0.0
E14000539,BANBURY,South East,0,0,0,0,0.0,0.0,0.0,0.0,0.0,0.0,0,0,0.0,0.0,0.0,0.0
S14000007,BANFF AND BUCHAN,Scotland,0,0,0,0,0,0,0,0,0,0,0,0,0.0,0,0.0,0.0
E14000540,BARKING,London,0,0,0,0,0.0,0.0,0.0,0.0,0.0,0,0,0,0.0,0.0,0.0,0.0
E14000541,BARNSLEY CENTRAL,Yorkshire and The Humber,0,0,0,0,0,0,0.0,0.0,0.0,0.0,0,0,0.0,0.0,0.0,0.0
E14000542,BARNSLEY EAST,Yorkshire and The Humber,0,0,0,0,0,0,0.0,0.0,0.0,0,0,0,0.0,0.0,0.0,0.0
E14000543,BARROW AND FURNESS,North West,0,0,0,0,0,0,0,0,0,0,0,0,0.0,0,0.0,0.0
E14000544,BASILDON AND BILLERICAY,East,0,0,0,0,0,0,0,0,0,0,0,0,0.0,0,0.0,0.0
E14000545,BASINGSTOKE,South East,0,0,0,0,0.0,0.0,0.0,0.0,0.0,0,0,0,0.0,0.0,0.0,0.0
E14000546,BASSETLAW,East Midlands,0,0,0,0,0.0,0.0,0.0,0.0,0.0,0.0,0,0,0.0,0.0,0.0,0.0
E14000547,BATH,South West,0,0,0,0,0.0,0.0,0.0,0.0,0.0,0,0,0,0.0,0.0,0.0,0.0
E14000548,BATLEY AND SPEN,Yorkshire and The Humber,0,0,0,0,0,0,0,0,0,0,0,0,0.0,0,0.0,0.0
E14000549,BATTERSEA,London,0,0,0,0,0,0,0.0,0.0,0.0,0.0,0,0,0.0,0.0,0.0,0.0
E14000550,BEACONSFIELD,South East,0,0,0,0,0.0,0.0,0.0,0.0,0.0,0.0,0,0,0.0,0.0,0.0,0.0
E14000551,BECKENHAM,London,0,0,0,0,0.0,0.0,0.0,0.0,0.0,0.0,0,0,0.0,0.0,0.0,0.0
E14000552,BEDFORD,East,0,0,0,0,0.0,0.0,0,0,0,0.0,0,0,0.0,0.0,0.0,0.0
N06000001,BELFAST EAST,Northern Ireland,0,0,0,0,0.0,0.29547549471454626,0.24088304078538203,0.32131027986265154,0.0,0.23797688897998923,0,0,0.3722744142890281,0.4278514187792954,0.36006062019118673,0.4489339144775592
N06000002,BELFAST NORTH,Northern Ireland,0,0,0,0,0.07986154814348646,0.09729831853391271,0.0914448714019661,0.07798239895697523,0.21203430417107536,0.05358004438869053,0,0,0.048901143459573436,0.07245091518242061,0.05387931034482758,0.09837469665762587
N06000003,BELFAST SOUTH,Northern Ireland,0,0,0,0,0.2221405001391484,0.2510151741825176,0.23944001284865357,0.2128967161988626,0.186576941400667,0.1294701651301793,0,0,0.14959340080734804,0.17226685833098032,0.18180986157190251,0.14330968068930564
N06000004,BELFAST WEST,Northern Ireland,0,0,0,0,0.0,0.06080451828040977,0.0,0.0,0.4357017763322492,0.0,0,0,0.018547910248031617,0.018002207817939937,0.017990303447936406,0.04852766747460162
E14000553,BERMONDSEY AND OLD SOUTHWARK,London,0,0,0,0,0,0,0,0,0,0,0,0,0.0,0,0.0,0.0
S14000008,"BERWICKSHIRE, ROXBURGH AND SELKIRK",Scotland,0,0,0,0,0,0,0,0,0,0,0,0,0.0,0,0.0,0.0
E14000554,BERWICK-UPON-TWEED,North East,0,0,0,0,0,0,0.0,0.0,0.0,0.0,0,0,0.0,0.0,0.0,0.0
E14000555,BETHNAL GREEN AND BOW,London,0,0,0,0,0,0,0,0,0,0,0,0,0.0,0,0.0,0.0
E14000556,BEVERLEY AND HOLDERNESS,Yorkshire and The Humber,0,0,0,0,0,0,0,0,0,0,0,0,0.0,0,0.0,0.0
E14000557,BEXHILL AND BATTLE,South East,0,0,0,0,0,0,0,0,0,0,0,0,0.0,0,0.0,0.0
E14000558,BEXLEYHEATH AND CRAYFORD,London,0,0,0,0,0,0,0,0,0,0,0,0,0.0,0,0.0,0.0
E14000559,BIRKENHEAD,North West,0,0,0,0,0.0,0.0,0.0,0.0,0.0,0.0,0,0,0.0,0.0,0.0,0.0
E14000560,"BIRMINGHAM, EDGBASTON",West Midlands,0,0,0,0,0,0,0,0,0,0.0,0,0,0.0,0,0.0,0.0
E14000561,"BIRMINGHAM, ERDINGTON",West Midlands,0,0,0,0,0,0,0,0,0,0.0,0,0,0.0,0,0.0,0.0
E14000562,"BIRMINGHAM, HALL GREEN",West Midlands,0,0,0,0,0,0,0,0,0,0.0,0,0,0.0,0,0.0,0.0
E14000563,"BIRMINGHAM, HODGE HILL",West Midlands,0,0,0,0,0,0,0,0,0,0.0,0,0,0.0,0,0.0,0.0
E14000564,"BIRMINGHAM, LADYWOOD",West Midlands,0,0,0,0,0,0,0,0,0,0.0,0,0,0.0,0,0.0,0.0
E14000565,"BIRMINGHAM, NORTHFIELD",West Midlands,0,0,0,0,0,0,0,0,0,0.0,0,0,0.0,0,0.0,0.0
E14000566,"BIRMINGHAM, PERRY BARR",West Midlands,0,0,0,0,0,0,0,0,0,0.0,0,0,0.0,0,0.0,0.0
E14000567,"BIRMINGHAM, SELLY OAK",West Midlands,0,0,0,0,0,0,0,0,0,0.0,0,0,0.0,0,0.0,0.0
E14000568,"BIRMINGHAM, YARDLEY",West Midlands,0,0,0,0,0,0,0,0,0,0.0,0,0,0.0,0,0.0,0.0
E14000569,BISHOP AUCKLAND,North East,0,0,0,0,0.0,0.0,0.0,0.0,0.0,0.0,0,0,0.0,0.0,0.0,0.0
E14000570,BLACKBURN,North West,0,0,0,0,0.0,0.0,0.0,0.0,0.0,0.0,0,0,0.0,0.0,0.0,0.0
E14000571,BLACKLEY AND BROUGHTON,North West,0,0,0,0,0,0,0,0,0,0,0,0,0.0,0,0.0,0.0
E14000572,BLACKPOOL NORTH AND CLEVELEYS,North West,0,0,0,0,0,0,0,0,0,0,0,0,0.0,0,0.0,0.0
E14000573,BLACKPOOL SOUTH,North West,0,0,0,0,0,0,0.0,0.0,0.0,0.0,0,0,0.0,0.0,0.0,0.0
W07000072,BLAENAU GWENT,Wales,0,0,0,0,0,0,0.0,0.0,0.0,0.0,0,0,0.0,0.0,0.0,0.0
E14000574,BLAYDON,North East,0,0,0,0,0.0,0.0,0.0,0.0,0.0,0.0,0,0,0.0,0.0,0.0,0.0
E14000575,BLYTH VALLEY,North East,0,0,0,0,0,0,0.0,0.0,0.0,0.0,0,0,0.0,0.0,0.0,0.0
E14000576,BOGNOR REGIS AND LITTLEHAMPTON,South East,0,0,0,0,0,0,0,0,0,0,0,0,0.0,0,0.0,0.0
E14000577,BOLSOVER,East Midlands,0,0,0,0,0.0,0.0,0.0,0.0,0.0,0.0,0,0,0.0,0.0,0.0,0.0
E14000578,BOLTON NORTH EAST,North West,0,0,0,0,0,0,0.0,0.0,0.0,0.0,0,0,0.0,0.0,0.0,0.0
E14000579,BOLTON SOUTH EAST,North West,0,0,0,0,0,0,0.0,0.0,0.0,0.0,0,0,0.0,0.0,0.0,0.0
E14000580,BOLTON WEST,North West,0,0,0,0,0,0,0.0,0.0,0.0,0.0,0,0,0.0,0.0,0.0,0.0
E14000581,BOOTLE,North West,0,0,0,0,0.0,0.0,0.0,0.0,0.0,0.0,0,0,0.0,0.0,0.0,0.0
E14000582,BOSTON AND SKEGNESS,East Midlands,0,0,0,0,0,0,0,0,0,0,0,0,0.0,0,0.0,0.0
E14000583,BOSWORTH,East Midlands,0,0,0,0,0.0,0.0,0.0,0.0,0.0,0.0,0,0,0.0,0.0,0.0,0.0
E14000584,BOURNEMOUTH EAST,South West,0,0,0,0,0.0,0.0,0.0,0.0,0.0,0.0,0,0,0.0,0.0,0.0,0.0
E14000585,BOURNEMOUTH WEST,South West,0,0,0,0,0.0,0.0,0.0,0.0,0.0,0.0,0,0,0.0,0.0,0.0,0.0
E14000586,BRACKNELL,South East,0,0,0,0,0,0,0,0,0,0.0,0,0,0.0,0.0,0.0,0.0
E14000587,BRADFORD EAST,Yorkshire and The Humber,0,0,0,0,0,0,0,0,0,0,0,0,0.0,0.0,0.0,0.0
E14000588,BRADFORD SOUTH,Yorkshire and The Humber,0,0,0,0,0,0,0.0,0.0,0.0,0.0,0,0,0.0,0.0,0.0,0.0
E14000589,BRADFORD WEST,Yorkshire and The Humber,0,0,0,0,0,0,0.0,0.0,0.0,0.0,0,0,0.0,0.0,0.0,0.0
E14000590,BRAINTREE,East,0,0,0,0,0.0,0.0,0.0,0.0,0.0,0.0,0,0,0.0,0.0,0.0,0.0
W07000068,BRECON AND RADNORSHIRE,Wales,0,0,0,0,0,0,0,0,0,0,0,0,0.0,0,0.0,0.0
E14000591,BRENT CENTRAL,London,0,0,0,0,0,0,0,0,0,0,0,0,0.0,0.0,0.0,0.0
E14000593,BRENTFORD AND ISLEWORTH,London,0,0,0,0,0.0,0.0,0,0,0,0,0,0,0.0,0,0.0,0.0
E14000592,BRENT NORTH,London,0,0,0,0,0.0,0.0,0.0,0.0,0.0,0.0,0,0,0.0,0.0,0.0,0.0
E14000594,BRENTWOOD AND ONGAR,East,0,0,0,0,0.0,0.0,0,0,0,0,0,0,0.0,0,0.0,0.0
W07000073,BRIDGEND,Wales,0,0,0,0,0,0,0.0,0.0,0.0,0.0,0,0,0.0,0.0,0.0,0.0
E14000595,BRIDGWATER AND WEST SOMERSET,South West,0,0,0,0,0,0,0,0,0,0,0,0,0.0,0,0.0,0.0
E14000596,BRIGG AND GOOLE,Yorkshire and The Humber,0,0,0,0,0,0,0,0,0,0,0,0,0.0,0,0.0,0.0
E14000597,"BRIGHTON, KEMPTOWN",South East,0,0,0,0,0,0,0,0,0,0.0,0,0,0.0,0,0.0,0.0
E14000598,"BRIGHTON, PAVILION",South East,0,0,0,0,0,0,0,0,0,0.0,0,0,0.0,0,0.0,0.0
E14000599,BRISTOL EAST,South West,0,0,0,0,0,0,0.0,0.0,0.0,0.0,0,0,0.0,0.0,0.0,0.0
E14000600,BRISTOL NORTH WEST,South West,0,0,0,0,0,0,0.0,0.0,0.0,0.0,0,0,0.0,0.0,0.0,0.0
E14000601,BRISTOL SOUTH,South West,0,0,0,0,0,0,0.0,0.0,0.0,0.0,0,0,0.0,0.0,0.0,0.0
E14000602,BRISTOL WEST,South West,0,0,0,0,0,0,0.0,0.0,0.0,0.0,0,0,0.0,0.0,0.0,0.0
E14000603,BROADLAND,East,0,0,0,0,0,0,0,0,0,0,0,0,0.0,0.0,0.0,0.0
E14000604,BROMLEY AND CHISLEHURST,London,0,0,0,0,0,0,0,0,0,0,0,0,0.0,0,0.0,0.0
E14000605,BROMSGROVE,West Midlands,0,0,0,0,0,0,0.0,0.0,0.0,0.0,0,0,0.0,0.0,0.0,0.0
E14000606,BROXBOURNE,East,0,0,0,0,0,0,0.0,0.0,0.0,0.0,0,0,0.0,0.0,0.0,0.0
E14000607,BROXTOWE,East Midlands,0,0,0,0,0,0,0.0,0.0,0.0,0.0,0,0,0.0,0.0,0.0,0.0
E14000608,BUCKINGHAM,South East,0,0,0,0,0.0,0.0,0.0,0.0,0.0,0.0,0,0,0.0,0.0,0.0,0.0
E14000609,BURNLEY,North West,0,0,0,0,0.0,0.0,0.0,0.0,0.0,0.0,0,0,0.0,0.0,0.0,0.0
E14000610,BURTON,West Midlands,0,0,0,0,0.0,0.0,0.0,0.0,0.0,0.0,0,0,0.0,0.0,0.0,0.0
E14000611,BURY NORTH,North West,0,0,0,0,0,0,0.0,0.0,0.0,0.0,0,0,0.0,0.0,0.0,0.0
E14000612,BURY SOUTH,North West,0,0,0,0,0,0,0.0,0.0,0.0,0.0,0,0,0.0,0.0,0.0,0.0
E14000613,BURY ST EDMUNDS,East,0,0,0,0,0,0,0,0,0,0.0,0,0,0.0,0.0,0.0,0.0
W07000076,CAERPHILLY,Wales,0,0,0,0,0.0,0.0,0.0,0.0,0.0,0.0,0,0,0.0,0.0,0.0,0.0
S14000009,"CAITHNESS, SUTHERLAND AND EASTER ROSS",Scotland,0,0,0,0,0,0,0,0,0,0,0,0,0.0,0,0.0,0.0
E14000614,CALDER VALLEY,Yorkshire and The Humber,0,0,0,0,0,0,0.0,0.0,0.0,0.0,0,0,0.0,0.0,0.0,0.0
E14000615,CAMBERWELL AND PECKHAM,London,0,0,0,0,0,0,0,0,0,0,0,0,0.0,0,0.0,0.0
E14000616,CAMBORNE AND REDRUTH,South West,0,0,0,0,0,0,0,0,0,0,0,0,0.0,0,0.0,0.0
E14000617,CAMBRIDGE,East,0,0,0,0,0.0,0.0,0.0,0.0,0.0,0.0,0,0,0.0,0.0,0.0,0.0
E14000618,CANNOCK CHASE,West Midlands,0,0,0,0,0,0,0,0,0,0.0,0,0,0.0,0.0,0.0,0.0
E14000619,CANTERBURY,South East,0,0,0,0,0.0,0.0,0.0,0.0,0.0,0.0,0,0,0.0,0.0,0.0,0.0
W07000050,CARDIFF CENTRAL,Wales,0,0,0,0,0,0,0.0,0.0,0.0,0.0,0,0,0.0,0.0,0.0,0.0
W07000051,CARDIFF NORTH,Wales,0,0,0,0,0,0,0.0,0.0,0.0,0.0,0,0,0.0,0.0,0.0,0.0
W07000080,CARDIFF SOUTH AND PENARTH,Wales,0,0,0,0,0,0,0,0,0,0,0,0,0,0,0,0.0
W07000079,CARDIFF WEST,Wales,0,0,0,0,0,0,0.0,0.0,0.0,0.0,0,0,0.0,0.0,0.0,0.0
E14000620,CARLISLE,North West,0,0,0,0,0.0,0.0,0.0,0.0,0.0,0.0,0,0,0.0,0.0,0.0,0.0
W07000067,CARMARTHEN EAST AND DINEFWR,Wales,0,0,0,0,0,0,0,0,0,0,0,0,0.0,0,0.0,0.0
W07000066,CARMARTHEN WEST AND SOUTH PEMBROKESHIRE,Wales,0,0,0,0,0,0,0,0,0,0,0,0,0.0,0,0.0,0.0
E14000621,CARSHALTON AND WALLINGTON,London,0,0,0,0,0,0,0,0,0,0,0,0,0.0,0,0.0,0.0
E14000622,CASTLE POINT,East,0,0,0,0,0,0,0.0,0.0,0.0,0.0,0,0,0.0,0.0,0.0,0.0
S14000010,CENTRAL AYRSHIRE,Scotland,0,0,0,0,0,0,0,0,0,0,0,0,0.0,0,0.0,0.0
E14000623,CENTRAL DEVON,South West,0,0,0,0,0,0,0,0,0,0,0,0,0.0,0,0.0,0.0
E14000624,CENTRAL SUFFOLK AND NORTH IPSWICH,East,0,0,0,0,0,0,0,0,0,0,0,0,0.0,0,0.0,0.0
W07000064,CEREDIGION,Wales,0,0,0,0,0,0,0,0,0,0.0,0,0,0.0,0.0,0.0,0.0
E14000625,CHARNWOOD,East Midlands,0,0,0,0,0,0,0,0,0,0.0,0,0,0.0,0.0,0.0,0.0
E14000626,CHATHAM AND AYLESFORD,South East,0,0,0,0,0,0,0,0,0,0,0,0,0.0,0,0.0,0.0
E14000627,CHEADLE,North West,0,0,0,0,0.0,0.0,0.0,0.0,0.0,0.0,0,0,0.0,0.0,0.0,0.0
E14000628,CHELMSFORD,East,0,0,0,0,0.0,0.0,0.0,0.0,0.0,0,0,0,0.0,0.0,0.0,0.0
E14000629,CHELSEA AND FULHAM,London,0,0,0,0,0,0,0,0,0,0,0,0,0.0,0,0.0,0.0
E14000630,CHELTENHAM,South West,0,0,0,0,0.0,0.0,0.0,0.0,0.0,0.0,0,0,0.0,0.0,0.0,0.0
E14000631,CHESHAM AND AMERSHAM,South East,0,0,0,0,0,0,0,0,0,0,0,0,0.0,0,0.0,0.0
E14000632,CHESTERFIELD,East Midlands,0,0,0,0,0.0,0.0,0.0,0.0,0.0,0.0,0,0,0.0,0.0,0.0,0.0
E14000633,CHICHESTER,South East,0,0,0,0,0.0,0.0,0.0,0.0,0.0,0.0,0,0,0.0,0.0,0.0,0.0
E14000634,CHINGFORD AND WOODFORD GREEN,London,0,0,0,0,0,0,0,0,0,0,0,0,0.0,0,0.0,0.0
E14000635,CHIPPENHAM,South West,0,0,0,0,0.0,0.0,0,0,0,0,0,0,0.0,0.0,0.0,0.0
E14000636,CHIPPING BARNET,London,0,0,0,0,0.0,0.0,0.0,0.0,0.0,0.0,0,0,0.0,0.0,0.0,0.0
E14000637,CHORLEY,North West,0,0,0,0,0.0,0.0,0.0,0.0,0.0,0.0,0,0,0.0,0.0,0.0,0.0
E14000638,CHRISTCHURCH,South West,0,0,0,0,0.0,0.0,0.0,0.0,0.0,0.0,0,0,0.0,0.0,0.0,0.0
E14000639,CITIES OF LONDON AND WESTMINSTER,London,0,0,0,0,0.0,0.0,0,0,0,0,0,0,0.0,0,0.0,0.0
E14000640,CITY OF CHESTER,North West,0,0,0,0,0.0,0.0,0,0,0,0,0,0,0.0,0,0.0,0.0
E14000641,CITY OF DURHAM,North East,0,0,0,0,0,0,0,0,0,0,0,0,0.0,0,0.0,0.0
E14000642,CLACTON,East,0,0,0,0,0,0,0,0,0,0,0,0,0.0,0.0,0.0,0.0
E14000643,CLEETHORPES,Yorkshire and The Humber,0,0,0,0,0,0,0,0,0,0.0,0,0,0.0,0.0,0.0,0.0
W07000062,CLWYD SOUTH,Wales,0,0,0,0,0,0,0,0,0,0,0,0,0.0,0.0,0.0,0.0
W07000059,CLWYD WEST,Wales,0,0,0,0,0,0,0,0,0,0,0,0,0.0,0.0,0.0,0.0
S14000011,"COATBRIDGE, CHRYSTON AND BELLSHILL",Scotland,0,0,0,0,0,0,0,0,0,0,0,0,0.0,0,0.0,0.0
E14000644,COLCHESTER,East,0,0,0,0,0.0,0.0,0,0,0,0.0,0,0,0.0,0.0,0.0,0.0
E14000645,COLNE VALLEY,Yorkshire and The Humber,0,0,0,0,0.0,0.0,0.0,0.0,0.0,0.0,0,0,0.0,0.0,0.0,0.0
E14000646,CONGLETON,North West,0,0,0,0,0,0,0.0,0.0,0.0,0.0,0,0,0.0,0.0,0.0,0.0
E14000647,COPELAND,North West,0,0,0,0,0,0,0.0,0.0,0.0,0.0,0,0,0.0,0.0,0.0,0.0
E14000648,CORBY,East Midlands,0,0,0,0,0,0,0.0,0.0,0.0,0.0,0,0,0.0,0.0,0.0,0.0
E14000649,COVENTRY NORTH EAST,West Midlands,0,0,0,0,0.0,0.0,0.0,0.0,0.0,0.0,0,0,0.0,0.0,0.0,0.0
E14000650,COVENTRY NORTH WEST,West Midlands,0,0,0,0,0.0,0.0,0.0,0.0,0.0,0.0,0,0,0.0,0.0,0.0,0.0
E14000651,COVENTRY SOUTH,West Midlands,0,0,0,0,0,0,0,0,0,0.0,0,0,0.0,0.0,0.0,0.0
E14000652,CRAWLEY,South East,0,0,0,0,0,0,0.0,0.0,0.0,0.0,0,0,0.0,0.0,0.0,0.0
E14000653,CREWE AND NANTWICH,North West,0,0,0,0,0,0,0,0,0,0,0,0,0.0,0,0.0,0.0
E14000654,CROYDON CENTRAL,London,0,0,0,0,0.0,0.0,0.0,0.0,0.0,0.0,0,0,0.0,0.0,0.0,0.0
E14000655,CROYDON NORTH,London,0,0,0,0,0,0,0,0,0,0.0,0,0,0.0,0.0,0.0,0.0
E14000656,CROYDON SOUTH,London,0,0,0,0,0,0,0.0,0.0,0.0,0.0,0,0,0.0,0.0,0.0,0.0
S14000012,"CUMBERNAULD, KILSYTH AND KIRKINTILLOCH EAST",Scotland,0,0,0,0,0,0,0,0,0,0,0,0,0.0,0,0.0,0.0
W07000070,CYNON VALLEY,Wales,0,0,0,0,0,0,0.0,0.0,0.0,0.0,0,0,0.0,0.0,0.0,0.0
E14000657,DAGENHAM AND RAINHAM,London,0,0,0,0,0,0,0,0,0,0,0,0,0.0,0,0.0,0.0
E14000658,DARLINGTON,North East,0,0,0,0,0.0,0.0,0.0,0.0,0.0,0.0,0,0,0.0,0.0,0.0,0.0
E14000659,DARTFORD,South East,0,0,0,0,0.0,0.0,0.0,0.0,0.0,0.0,0,0,0.0,0.0,0.0,0.0
E14000660,DAVENTRY,East Midlands,0,0,0,0,0.0,0.0,0.0,0.0,0.0,0.0,0,0,0.0,0.0,0.0,0.0
W07000042,DELYN,Wales,0,0,0,0,0,0,0.0,0.0,0.0,0.0,0,0,0.0,0.0,0.0,0.0
E14000661,DENTON AND REDDISH,North West,0,0,0,0,0,0,0,0,0,0,0,0,0.0,0,0.0,0.0
E14000662,DERBY NORTH,East Midlands,0,0,0,0,0.0,0.0,0.0,0.0,0.0,0.0,0,0,0.0,0.0,0.0,0.0
E14000664,DERBYSHIRE DALES,East Midlands,0,0,0,0,0,0,0,0,0,0,0,0,0.0,0.0,0.0,0.0
E14000663,DERBY SOUTH,East Midlands,0,0,0,0,0.0,0.0,0.0,0.0,0.0,0.0,0,0,0.0,0.0,0.0,0.0
E14000665,DEVIZES,South West,0,0,0,0,0.0,0.0,0.0,0.0,0.0,0.0,0,0,0.0,0.0,0.0,0.0
E14000666,DEWSBURY,Yorkshire and The Humber,0,0,0,0,0.0,0.0,0.0,0.0,0.0,0.0,0,0,0.0,0.0,0.0,0.0
E14000668,DONCASTER CENTRAL,Yorkshire and The Humber,0,0,0,0,0,0,0.0,0.0,0.0,0.0,0,0,0.0,0.0,0.0,0.0
E14000669,DONCASTER NORTH,Yorkshire and The Humber,0,0,0,0,0,0,0.0,0.0,0.0,0.0,0,0,0.0,0.0,0.0,0.0
E14000667,DON VALLEY,Yorkshire and The Humber,0,0,0,0,0.0,0.0,0.0,0.0,0.0,0.0,0,0,0.0,0.0,0.0,0.0
E14000670,DOVER,South East,0,0,0,0,0.0,0.0,0.0,0.0,0.0,0.0,0,0,0.0,0.0,0.0,0.0
E14000671,DUDLEY NORTH,West Midlands,0,0,0,0,0,0,0,0,0,0.0,0,0,0.0,0.0,0.0,0.0
E14000672,DUDLEY SOUTH,West Midlands,0,0,0,0,0,0,0,0,0,0.0,0,0,0.0,0.0,0.0,0.0
E14000673,DULWICH AND WEST NORWOOD,London,0,0,0,0,0,0,0,0,0,0,0,0,0.0,0,0.0,0.0
S14000013,DUMFRIES AND GALLOWAY,Scotland,0,0,0,0,0,0,0,0,0,0,0,0,0.0,0,0.0,0.0
S14000014,"DUMFRIESSHIRE, CLYDESDALE AND TWEEDDALE",Scotland,0,0,0,0,0,0,0,0,0,0,0,0,0.0,0,0.0,0.0
S14000015,DUNDEE EAST,Scotland,0,0,0,0,0.0,0.0,0.0,0.0,0.0,0.0,0,0,0.0,0.0,0.0,0.0
S14000016,DUNDEE WEST,Scotland,0,0,0,0,0.0,0.0,0.0,0.0,0.0,0.0,0,0,0.0,0.0,0.0,0.0
S14000017,DUNFERMLINE AND WEST FIFE,Scotland,0,0,0,0,0,0,0,0,0,0,0,0,0.0,0,0.0,0.0
W07000061,DWYFOR MEIRIONNYDD,Wales,0,0,0,0,0,0,0,0,0,0,0,0,0.0,0.0,0.0,0.0
E14000674,EALING CENTRAL AND ACTON,London,0,0,0,0,0,0,0,0,0,0,0,0,0.0,0,0.0,0.0
E14000675,EALING NORTH,London,0,0,0,0,0,0,0.0,0.0,0.0,0,0,0,0.0,0.0,0.0,0.0
E14000676,"EALING, SOUTHALL",London,0,0,0,0,0,0,0,0,0,0,0,0,0.0,0,0.0,0.0
E14000677,EASINGTON,North East,0,0,0,0,0.0,0.0,0.0,0.0,0.0,0.0,0,0,0.0,0.0,0.0,0.0
N06000005,EAST ANTRIM,Northern Ireland,0,0,0,0,0,0,0,0,0,0.20173523160683612,0,0,0.1107140515376041,0,0.15599192512387594,0.2728053460723008
E14000684,EASTBOURNE,South East,0,0,0,0,0.0,0.0,0.0,0.0,0.0,0.0,0,0,0.0,0.0,0.0,0.0
E14000678,EAST DEVON,South West,0,0,0,0,0,0,0,0,0,0.0,0,0,0.0,0,0.0,0.0
S14000018,EAST DUNBARTONSHIRE,Scotland,0,0,0,0,0,0,0,0,0,0,0,0,0.0,0,0.0,0.0
E14000679,EAST HAM,London,0,0,0,0,0,0,0,0,0,0.0,0,0,0.0,0.0,0.0,0.0
E14000680,EAST HAMPSHIRE,South East,0,0,0,0,0,0,0,0,0,0.0,0,0,0.0,0,0.0,0.0
S14000019,"EAST KILBRIDE, STRATHAVEN AND LESMAHAGOW",Scotland,0,0,0,0,0,0,0,0,0,0,0,0,0.0,0,0.0,0.0
E14000685,EASTLEIGH,South East,0,0,0,0,0.0,0.0,0.0,0.0,0.0,0.0,0,0,0.0,0.0,0.0,0.0
N06000006,EAST LONDONDERRY,Northern Ireland,0,0,0,0,0,0,0,0,0,0.06369744370374258,0,0,0.0549928469241774,0,0.061857177674872046,0.15065391074245585
S14000020,EAST LOTHIAN,Scotland,0,0,0,0,0,0,0.0,0.0,0.0,0.0,0,0,0.0,0.0,0.0,0.0
S14000021,EAST RENFREWSHIRE,Scotland,0,0,0,0,0,0.0,0,0,0,0,0,0,0.0,0,0.0,0.0
E14000681,EAST SURREY,South East,0,0,0,0,0,0,0,0,0,0.0,0,0,0.0,0,0.0,0.0
E14000682,EAST WORTHING AND SHOREHAM,South East,0,0,0,0,0,0,0,0,0,0,0,0,0.0,0,0.0,0.0
E14000683,EAST YORKSHIRE,Yorkshire and The Humber,0,0,0,0,0,0,0,0,0,0.0,0,0,0.0,0,0.0,0.0
E14000686,EDDISBURY,North West,0,0,0,0,0,0,0.0,0.0,0.0,0.0,0,0,0.0,0.0,0.0,0.0
S14000022,EDINBURGH EAST,Scotland,0,0,0,0,0.0,0.0,0.0,0.0,0.0,0,0,0,0.0,0.0,0.0,0.0
S14000023,EDINBURGH NORTH AND LEITH,Scotland,0,0,0,0,0,0,0,0,0,0,0,0,0.0,0,0.0,0.0
S14000024,EDINBURGH SOUTH,Scotland,0,0,0,0,0.0,0.0,0.0,0.0,0.0,0.0,0,0,0.0,0.0,0.0,0.0
S14000025,EDINBURGH SOUTH WEST,Scotland,0,0,0,0,0,0,0,0,0,0,0,0,0.0,0.0,0.0,0.0
S14000026,EDINBURGH WEST,Scotland,0,0,0,0,0.0,0.0,0.0,0.0,0.0,0.0,0,0,0.0,0.0,0.0,0.0
E14000687,EDMONTON,London,0,0,0,0,0.0,0.0,0.0,0.0,0.0,0.0,0,0,0.0,0.0,0.0,0.0
E14000688,ELLESMERE PORT AND NESTON,North West,0,0,0,0,0,0,0,0,0,0,0,0,0.0,0,0.0,0.0
E14000689,ELMET AND ROTHWELL,Yorkshire and The Humber,0,0,0,0,0,0,0,0,0,0,0,0,0.0,0,0.0,0.0
E14000690,ELTHAM,London,0,0,0,0,0,0,0.0,0.0,0.0,0.0,0,0,0.0,0.0,0.0,0.0
E14000691,ENFIELD NORTH,London,0,0,0,0,0.0,0.0,0.0,0.0,0.0,0.0,0,0,0.0,0.0,0.0,0.0
E14000692,"ENFIELD, SOUTHGATE",London,0,0,0,0,0,0,0,0,0,0.0,0,0,0.0,0,0.0,0.0
E14000693,EPPING FOREST,East,0,0,0,0,0,0,0.0,0.0,0.0,0.0,0,0,0.0,0.0,0.0,0.0
E14000694,EPSOM AND EWELL,South East,0,0,0,0,0,0,0,0,0,0,0,0,0.0,0,0.0,0.0
E14000695,EREWASH,East Midlands,0,0,0,0,0,0,0.0,0.0,0.0,0.0,0,0,0.0,0.0,0.0,0.0
E14000696,ERITH AND THAMESMEAD,London,0,0,0,0,0,0,0,0,0,0,0,0,0.0,0,0.0,0.0
E14000697,ESHER AND WALTON,South East,0,0,0,0,0,0,0,0,0,0,0,0,0.0,0,0.0,0.0
E14000698,EXETER,South West,0,0,0,0,0.0,0.0,0.0,0.0,0.0,0.0,0,0,0.0,0.0,0.0,0.0
S14000028,FALKIRK,Scotland,0,0,0,0,0,0,0,0,0,0,0,0,0.0,0.0,0.0,0.0
E14000699,FAREHAM,South East,0,0,0,0,0.0,0.0,0.0,0.0,0.0,0.0,0,0,0.0,0.0,0.0,0.0
E14000700,FAVERSHAM AND MID KENT,South East,0,0,0,0,0,0,0,0,0,0,0,0,0.0,0,0.0,0.0
E14000701,FELTHAM AND HESTON,London,0,0,0,0,0.0,0.0,0,0,0,0,0,0,0.0,0,0.0,0.0
N06000007,FERMANAGH AND SOUTH TYRONE,Northern Ireland,0,0,0,0,0.0,0.020710746361102508,0.0,0.020738292011019285,0.2323683064867218,0,0,0,0.009337008311433028,0,0.01656663114003104,0.05220440486978448
E14000702,FILTON AND BRADLEY STOKE,South West,0,0,0,0,0,0,0,0,0,0,0,0,0.0,0,0.0,0.0
E14000703,FINCHLEY AND GOLDERS GREEN,London,0,0,0,0,0,0,0,0,0,0,0,0,0.0,0,0.0,0.0
E14000704,FOLKESTONE AND HYTHE,South East,0,0,0,0,0,0,0,0,0,0,0,0,0.0,0,0.0,0.0
E14000705,FOREST OF DEAN,South West,0,0,0,0,0,0,0,0,0,0.0,0,0,0.0,0.0,0.0,0.0
N06000008,FOYLE,Northern Ireland,0,0,0,0,0,0,0.0211810135535547,0.026238407600090476,0.5147427249951821,0.01708668827773711,0,0,0.005885613238670854,0.022566347764985676,0.018427064070488414,0.026875106058034958
E14000706,FYLDE,North West,0,0,0,0,0,0,0.0,0.0,0.0,0.0,0,0,0.0,0.0,0.0,0.0
E14000707,GAINSBOROUGH,East Midlands,0,0,0,0,0.0,0.0,0,0,0,0.0,0,0,0.0,0.0,0.0,0.0
E14000708,GARSTON AND HALEWOOD,North West,0,0,0,0,0,0,0,0,0,0,0,0,0.0,0,0.0,0.0
E14000709,GATESHEAD,North East,0,0,0,0,0,0,0,0,0,0,0,0,0.0,0.0,0.0,0.0
E14000710,GEDLING,East Midlands,0,0,0,0,0,0,0.0,0.0,0.0,0.0,0,0,0.0,0.0,0.0,0.0
E14000711,GILLINGHAM AND RAINHAM,South East,0,0,0,0,0,0,0,0,0,0,0,0,0.0,0,0.0,0.0
S14000029,GLASGOW CENTRAL,Scotland,0,0,0,0,0.0,0.0,0.0,0.0,0.0,0,0,0,0.0,0.0,0.0,0.0
S14000030,GLASGOW EAST,Scotland,0,0,0,0,0,0,0,0,0,0,0,0,0.0,0.0,0.0,0.0
S14000031,GLASGOW NORTH,Scotland,0,0,0,0,0,0,0,0,0,0,0,0,0.0,0.0,0.0,0.0
S14000032,GLASGOW NORTH EAST,Scotland,0,0,0,0,0,0,0,0,0,0,0,0,0.0,0.0,0.0,0.0
S14000033,GLASGOW NORTH WEST,Scotland,0,0,0,0,0,0,0,0,0,0,0,0,0.0,0.0,0.0,0.0
S14000034,GLASGOW SOUTH,Scotland,0,0,0,0,0,0,0,0,0,0,0,0,0.0,0.0,0.0,0.0
S14000035,GLASGOW SOUTH WEST,Scotland,0,0,0,0,0,0,0,0,0,0,0,0,0.0,0.0,0.0,0.0
S14000036,GLENROTHES,Scotland,0,0,0,0,0,0,0,0,0,0,0,0,0.0,0.0,0.0,0.0
E14000712,GLOUCESTER,South West,0,0,0,0,0.0,0.0,0.0,0.0,0.0,0.0,0,0,0.0,0.0,0.0,0.0
S14000037,GORDON,Scotland,0,0,0,0,0,0,0.0,0.0,0.0,0.0,0,0,0.0,0.0,0.0,0.0
E14000713,GOSPORT,South East,0,0,0,0,0.0,0.0,0.0,0.0,0.0,0.0,0,0,0.0,0.0,0.0,0.0
W07000046,GOWER,Wales,0,0,0,0,0.0,0.0,0.0,0.0,0.0,0.0,0,0,0.0,0.0,0.0,0.0
E14000714,GRANTHAM AND STAMFORD,East Midlands,0,0,0,0,0,0,0,0,0,0,0,0,0.0,0,0.0,0.0
E14000715,GRAVESHAM,South East,0,0,0,0,0,0,0.0,0.0,0.0,0.0,0,0,0.0,0.0,0.0,0.0
E14000716,GREAT GRIMSBY,Yorkshire and The Humber,0,0,0,0,0,0,0.0,0.0,0.0,0.0,0,0,0.0,0.0,0.0,0.0
E14000717,GREAT YARMOUTH,East,0,0,0,0,0,0,0.0,0.0,0.0,0.0,0,0,0.0,0.0,0.0,0.0
E14000718,GREENWICH AND WOOLWICH,London,0,0,0,0,0,0,0,0,0,0,0,0,0.0,0,0.0,0.0
E14000719,GUILDFORD,South East,0,0,0,0,0.0,0.0,0.0,0.0,0.0,0.0,0,0,0.0,0.0,0.0,0.0
E14000720,HACKNEY NORTH AND STOKE NEWINGTON,London,0,0,0,0,0,0,0,0,0,0,0,0,0.0,0,0.0,0.0
E14000721,HACKNEY SOUTH AND SHOREDITCH,London,0,0,0,0,0.0,0.0,0,0,0,0,0,0,0.0,0,0.0,0.0
E14000722,HALESOWEN AND ROWLEY REGIS,West Midlands,0,0,0,0,0,0,0,0,0,0,0,0,0.0,0,0.0,0.0
E14000723,HALIFAX,Yorkshire and The Humber,0,0,0,0,0.0,0.0,0.0,0.0,0.0,0.0,0,0,0.0,0.0,0.0,0.0
E14000724,HALTEMPRICE AND HOWDEN,Yorkshire and The Humber,0,0,0,0,0,0,0,0,0,0,0,0,0.0,0,0.0,0.0
E14000725,HALTON,North West,0,0,0,0,0,0,0.0,0.0,0.0,0.0,0,0,0.0,0.0,0.0,0.0
E14000726,HAMMERSMITH,London,0,0,0,0,0,0,0.0,0.0,0.0,0,0,0,0.0,0.0,0.0,0.0
E14000727,HAMPSTEAD AND KILBURN,London,0,0,0,0,0,0,0,0,0,0,0,0,0.0,0,0.0,0.0
E14000728,HARBOROUGH,East Midlands,0,0,0,0,0.0,0.0,0.0,0.0,0.0,0.0,0,0,0.0,0.0,0.0,0.0
E14000729,HARLOW,East,0,0,0,0,0.0,0.0,0.0,0.0,0.0,0.0,0,0,0.0,0.0,0.0,0.0
E14000730,HARROGATE AND KNARESBOROUGH,Yorkshire and The Humber,0,0,0,0,0,0,0,0,0,0,0,0,0.0,0,0.0,0.0
E14000731,HARROW EAST,London,0,0,0,0,0,0,0.0,0.0,0.0,0.0,0,0,0.0,0.0,0.0,0.0
E14000732,HARROW WEST,London,0,0,0,0,0,0,0.0,0.0,0.0,0.0,0,0,0.0,0.0,0.0,0.0
E14000733,HARTLEPOOL,North East,0,0,0,0,0,0,0.0,0.0,0.0,0.0,0,0,0.0,0.0,0.0,0.0
E14000734,HARWICH AND NORTH ESSEX,East,0,0,0,0,0,0,0,0,0,0,0,0,0.0,0,0.0,0.0
E14000735,HASTINGS AND RYE,South East,0,0,0,0,0,0,0,0,0,0,0,0,0.0,0,0.0,0.0
E14000736,HAVANT,South East,0,0,0,0,0,0,0.0,0.0,0.0,0.0,0,0,0.0,0.0,0.0,0.0
E14000737,HAYES AND HARLINGTON,London,0,0,0,0,0.0,0.0,0,0,0,0,0,0,0.0,0,0.0,0.0
E14000738,HAZEL GROVE,North West,0,0,0,0,0.0,0.0,0.0,0.0,0.0,0.0,0,0,0.0,0.0,0.0,0.0
E14000739,HEMEL HEMPSTEAD,East,0,0,0,0,0.0,0.0,0,0,0,0.0,0,0,0.0,0.0,0.0,0.0
E14000740,HEMSWORTH,Yorkshire and The Humber,0,0,0,0,0.0,0.0,0.0,0.0,0.0,0.0,0,0,0.0,0.0,0.0,0.0
E14000741,HENDON,London,0,0,0,0,0,0,0,0,0,0.0,0,0,0.0,0.0,0.0,0.0
E14000742,HENLEY,South East,0,0,0,0,0.0,0.0,0.0,0.0,0.0,0.0,0,0,0.0,0.0,0.0,0.0
E14000743,HEREFORD AND SOUTH HEREFORDSHIRE,West Midlands,0,0,0,0,0,0,0,0,0,0,0,0,0.0,0,0.0,0.0
E14000744,HERTFORD AND STORTFORD,East,0,0,0,0,0,0,0,0,0,0,0,0,0.0,0,0.0,0.0
E14000745,HERTSMERE,East,0,0,0,0,0,0,0.0,0.0,0.0,0.0,0,0,0.0,0.0,0.0,0.0
E14000746,HEXHAM,North East,0,0,0,0,0.0,0.0,0.0,0.0,0.0,0.0,0,0,0.0,0.0,0.0,0.0
E14000747,HEYWOOD AND MIDDLETON,North West,0,0,0,0,0,0,0,0,0,0,0,0,0.0,0,0.0,0.0
E14000748,HIGH PEAK,East Midlands,0,0,0,0,0.0,0.0,0.0,0.0,0.0,0.0,0,0,0.0,0.0,0.0,0.0
E14000749,HITCHIN AND HARPENDEN,East,0,0,0,0,0,0,0,0,0,0,0,0,0.0,0,0.0,0.0
E14000750,HOLBORN AND ST PANCRAS,London,0,0,0,0,0,0,0,0,0,0,0,0,0.0,0,0.0,0.0
E14000751,HORNCHURCH AND UPMINSTER,London,0,0,0,0,0,0,0,0,0,0,0,0,0.0,0,0.0,0.0
E14000752,HORNSEY AND WOOD GREEN,London,0,0,0,0,0,0,0,0,0,0,0,0,0.0,0,0.0,0.0
E14000753,HORSHAM,South East,0,0,0,0,0.0,0.0,0.0,0.0,0.0,0.0,0,0,0.0,0.0,0.0,0.0
E14000754,HOUGHTON AND SUNDERLAND SOUTH,North East,0,0,0,0,0,0,0,0,0,0,0,0,0.0,0,0.0,0.0
E14000755,HOVE,South East,0,0,0,0,0.0,0.0,0.0,0.0,0.0,0.0,0,0,0.0,0.0,0.0,0.0
E14000756,HUDDERSFIELD,Yorkshire and The Humber,0,0,0,0,0,0,0.0,0.0,0.0,0.0,0,0,0.0,0.0,0.0,0.0
E14000757,HUNTINGDON,East,0,0,0,0,0,0,0.0,0.0,0.0,0.0,0,0,0.0,0.0,0.0,0.0
E14000758,HYNDBURN,North West,0,0,0,0,0,0,0.0,0.0,0.0,0.0,0,0,0.0,0.0,0.0,0.0
E14000759,ILFORD NORTH,London,0,0,0,0,0,0,0.0,0.0,0.0,0.0,0,0,0.0,0.0,0.0,0.0
E14000760,ILFORD SOUTH,London,0,0,0,0,0,0,0.0,0.0,0.0,0,0,0,0.0,0.0,0.0,0.0
S14000038,INVERCLYDE,Scotland,0,0,0,0,0,0,0,0,0,0,0,0,0.0,0.0,0.0,0.0
S14000039,"INVERNESS, NAIRN, BADENOCH AND STRATHSPEY",Scotland,0,0,0,0,0,0,0,0,0,0,0,0,0.0,0,0.0,0.0
E14000761,IPSWICH,East,0,0,0,0,0.0,0.0,0.0,0.0,0.0,0.0,0,0,0.0,0.0,0.0,0.0
E14000762,ISLE OF WIGHT,South East,0,0,0,0,0.0,0.0,0.0,0.0,0.0,0.0,0,0,0.0,0.0,0.0,0.0
E14000763,ISLINGTON NORTH,London,0,0,0,0,0,0,0.0,0.0,0.0,0.0,0,0,0.0,0.0,0.0,0.0
E14000764,ISLINGTON SOUTH AND FINSBURY,London,0,0,0,0,0.0,0.0,0,0,0,0,0,0,0.0,0,0.0,0.0
W07000077,ISLWYN,Wales,0,0,0,0,0,0,0.0,0.0,0.0,0.0,0,0,0.0,0.0,0.0,0.0
E14000765,JARROW,North East,0,0,0,0,0.0,0.0,0.0,0.0,0.0,0.0,0,0,0.0,0.0,0.0,0.0
E14000766,KEIGHLEY,Yorkshire and The Humber,0,0,0,0,0.0,0.0,0.0,0.0,0.0,0.0,0,0,0.0,0.0,0.0,0.0
E14000767,KENILWORTH AND SOUTHAM,West Midlands,0,0,0,0,0,0,0,0,0,0,0,0,0.0,0,0.0,0.0
E14000768,KENSINGTON,London,0,0,0,0,0.0,0.0,0.0,0.0,0.0,0,0,0,0.0,0.0,0.0,0.0
E14000769,KETTERING,East Midlands,0,0,0,0,0.0,0.0,0.0,0.0,0.0,0.0,0,0,0.0,0.0,0.0,0.0
S14000040,KILMARNOCK AND LOUDOUN,Scotland,0,0,0,0,0,0,0,0,0,0,0,0,0.0,0,0.0,0.0
E14000770,KINGSTON AND SURBITON,London,0,0,0,0,0,0,0,0,0,0,0,0,0.0,0,0.0,0.0
E14000771,KINGSTON UPON HULL EAST,Yorkshire and The Humber,0,0,0,0,0,0,0,0,0,0.0,0,0,0.0,0,0.0,0.0
E14000772,KINGSTON UPON HULL NORTH,Yorkshire and The Humber,0,0,0,0,0,0,0,0,0,0.0,0,0,0.0,0,0.0,0.0
E14000773,KINGSTON UPON HULL WEST AND HESSLE,Yorkshire and The Humber,0,0,0,0,0,0,0,0,0,0,0,0,0.0,0,0.0,0.0
E14000774,KINGSWOOD,South West,0,0,0,0,0.0,0.0,0.0,0.0,0.0,0.0,0,0,0.0,0.0,0.0,0.0
S14000041,KIRKCALDY AND COWDENBEATH,Scotland,0,0,0,0,0,0,0,0,0,0,0,0,0.0,0,0.0,0.0
E14000775,KNOWSLEY,North West,0,0,0,0,0,0,0,0,0,0,0,0,0.0,0.0,0.0,0.0
N06000009,LAGAN VALLEY,Northern Ireland,0,0,0,0,0,0,0.11320057179474541,0.13773203808790999,0.09449301413514176,0.17230873392010831,0,0,0.11423097974822113,0.13931398416886542,0.11120509281930285,0.28822816870388723
S14000042,LANARK AND HAMILTON EAST,Scotland,0,0,0,0,0,0,0,0,0,0,0,0,0.0,0,0.0,0.0
E14000776,LANCASTER AND FLEETWOOD,North West,0,0,0,0,0,0,0,0,0,0,0,0,0.0,0,0.0,0.0
E14000777,LEEDS CENTRAL,Yorkshire and The Humber,0,0,0,0,0,0,0.0,0.0,0.0,0.0,0,0,0.0,0.0,0.0,0.0
E14000778,LEEDS EAST,Yorkshire and The Humber,0,0,0,0,0,0,0.0,0.0,0.0,0.0,0,0,0.0,0.0,0.0,0.0
E14000779,LEEDS NORTH EAST,Yorkshire and The Humber,0,0,0,0,0,0,0.0,0.0,0.0,0.0,0,0,0.0,0.0,0.0,0.0
E14000780,LEEDS NORTH WEST,Yorkshire and The Humber,0,0,0,0,0,0,0.0,0.0,0.0,0.0,0,0,0.0,0.0,0.0,0.0
E14000781,LEEDS WEST,Yorkshire and The Humber,0,0,0,0,0,0,0.0,0.0,0.0,0.0,0,0,0.0,0.0,0.0,0.0
E14000782,LEICESTER EAST,East Midlands,0,0,0,0,0.0,0.0,0.0,0.0,0.0,0.0,0,0,0.0,0.0,0.0,0.0
E14000783,LEICESTER SOUTH,East Midlands,0,0,0,0,0.0,0.0,0.0,0.0,0.0,0.0,0,0,0.0,0.0,0.0,0.0
E14000784,LEICESTER WEST,East Midlands,0,0,0,0,0.0,0.0,0.0,0.0,0.0,0.0,0,0,0.0,0.0,0.0,0.0
E14000785,LEIGH,North West,0,0,0,0,0.0,0.0,0.0,0.0,0.0,0.0,0,0,0.0,0.0,0.0,0.0
E14000786,LEWES,South East,0,0,0,0,0.0,0.0,0.0,0.0,0.0,0.0,0,0,0.0,0.0,0.0,0.0
E14000789,"LEWISHAM, DEPTFORD",London,0,0,0,0,0,0,0,0,0,0,0,0,0.0,0,0.0,0.0
E14000787,LEWISHAM EAST,London,0,0,0,0,0.0,0.0,0.0,0.0,0.0,0.0,0,0,0.0,0.0,0.0,0.0
E14000788,LEWISHAM WEST AND PENGE,London,0,0,0,0,0,0,0,0,0,0,0,0,0.0,0,0.0,0.0
E14000790,LEYTON AND WANSTEAD,London,0,0,0,0,0,0,0,0,0,0,0,0,0.0,0,0.0,0.0
E14000791,LICHFIELD,West Midlands,0,0,0,0,0,0,0,0,0,0.0,0,0,0.0,0.0,0.0,0.0
E14000792,LINCOLN,East Midlands,0,0,0,0,0.0,0.0,0.0,0.0,0.0,0.0,0,0,0.0,0.0,0.0,0.0
S14000043,LINLITHGOW AND EAST FALKIRK,Scotland,0,0,0,0,0,0,0,0,0,0,0,0,0.0,0,0.0,0.0
E14000793,"LIVERPOOL, RIVERSIDE",North West,0,0,0,0,0,0,0,0,0,0.0,0,0,0.0,0,0.0,0.0
E14000794,"LIVERPOOL, WALTON",North West,0,0,0,0,0,0,0,0,0,0.0,0,0,0.0,0,0.0,0.0
E14000795,"LIVERPOOL, WAVERTREE",North West,0,0,0,0,0,0,0,0,0,0.0,0,0,0.0,0,0.0,0.0
E14000796,"LIVERPOOL, WEST DERBY",North West,0,0,0,0,0.0,0.0,0,0,0,0.0,0,0,0.0,0,0.0,0.0
S14000044,LIVINGSTON,Scotland,0,0,0,0,0,0,0.0,0.0,0.0,0.0,0,0,0.0,0.0,0.0,0.0
W07000045,LLANELLI,Wales,0,0,0,0,0.0,0.0,0.0,0.0,0.0,0.0,0,0,0.0,0.0,0.0,0.0
E14000797,LOUGHBOROUGH,East Midlands,0,0,0,0,0.0,0.0,0.0,0.0,0.0,0.0,0,0,0.0,0.0,0.0,0.0
E14000798,LOUTH AND HORNCASTLE,East Midlands,0,0,0,0,0,0,0,0,0,0,0,0,0.0,0,0.0,0.0
E14000799,LUDLOW,West Midlands,0,0,0,0,0.0,0.0,0.0,0.0,0.0,0.0,0,0,0.0,0.0,0.0,0.0
E14000800,LUTON NORTH,East,0,0,0,0,0,0,0.0,0.0,0.0,0.0,0,0,0.0,0.0,0.0,0.0
E14000801,LUTON SOUTH,East,0,0,0,0,0,0,0.0,0.0,0.0,0.0,0,0,0.0,0.0,0.0,0.0
E14000802,MACCLESFIELD,North West,0,0,0,0,0.0,0.0,0.0,0.0,0.0,0.0,0,0,0.0,0.0,0.0,0.0
E14000803,MAIDENHEAD,South East,0,0,0,0,0,0,0,0,0,0.0,0,0,0.0,0.0,0.0,0.0
E14000804,MAIDSTONE AND THE WEALD,South East,0,0,0,0,0,0,0,0,0,0,0,0,0.0,0,0.0,0.0
E14000805,MAKERFIELD,North West,0,0,0,0,0,0,0.0,0.0,0.0,0.0,0,0,0.0,0.0,0.0,0.0
E14000806,MALDON,East,0,0,0,0,0.0,0.0,0,0,0,0,0,0,0.0,0.0,0.0,0.0
E14000807,MANCHESTER CENTRAL,North West,0,0,0,0,0,0,0.0,0.0,0.0,0.0,0,0,0.0,0.0,0.0,0.0
E14000808,"MANCHESTER, GORTON",North West,0,0,0,0,0.0,0,0,0,0,0.0,0,0,0.0,0,0.0,0.0
E14000809,"MANCHESTER, WITHINGTON",North West,0,0,0,0,0.0,0,0,0,0,0.0,0,0,0.0,0,0.0,0.0
E14000810,MANSFIELD,East Midlands,0,0,0,0,0.0,0.0,0.0,0.0,0.0,0.0,0,0,0.0,0.0,0.0,0.0
E14000811,MEON VALLEY,South East,0,0,0,0,0,0,0,0,0,0,0,0,0.0,0.0,0.0,0.0
E14000812,MERIDEN,West Midlands,0,0,0,0,0.0,0.0,0.0,0.0,0.0,0.0,0,0,0.0,0.0,0.0,0.0
W07000071,MERTHYR TYDFIL AND RHYMNEY,Wales,0,0,0,0,0,0,0,0,0,0,0,0,0.0,0,0.0,0.0
E14000813,MID BEDFORDSHIRE,East,0,0,0,0,0,0,0,0,0,0.0,0,0,0.0,0,0.0,0.0
E14000814,MID DERBYSHIRE,East Midlands,0,0,0,0,0,0,0,0,0,0,0,0,0.0,0,0.0,0.0
E14000819,MIDDLESBROUGH,North East,0,0,0,0,0,0,0.0,0.0,0.0,0.0,0,0,0.0,0.0,0.0,0.0
E14000820,MIDDLESBROUGH SOUTH AND EAST CLEVELAND,North East,0,0,0,0,0,0,0,0,0,0,0,0,0.0,0,0.0,0.0
E14000815,MID DORSET AND NORTH POOLE,South West,0,0,0,0,0,0,0,0,0,0,0,0,0.0,0,0.0,0.0
S14000045,MIDLOTHIAN,Scotland,0,0,0,0,0.0,0.0,0.0,0.0,0.0,0.0,0,0,0.0,0.0,0.0,0.0
E14000816,MID NORFOLK,East,0,0,0,0,0,0,0,0,0,0.0,0,0,0.0,0,0.0,0.0
E14000817,MID SUSSEX,South East,0,0,0,0,0,0,0,0,0,0.0,0,0,0.0,0,0.0,0.0
N06000010,MID ULSTER,Northern Ireland,0,0,0,0,0,0,0,0,0,0.009078529278256923,0,0,0.009720385877283189,0,0.023429134364158135,0.07902285970416853
E14000818,MID WORCESTERSHIRE,West Midlands,0,0,0,0,0,0,0,0,0,0.0,0,0,0.0,0,0.0,0.0
E14000821,MILTON KEYNES NORTH,South East,0,0,0,0,0,0,0,0,0,0,0,0,0.0,0.0,0.0,0.0
E14000822,MILTON KEYNES SOUTH,South East,0,0,0,0,0,0,0,0,0,0,0,0,0.0,0.0,0.0,0.0
E14000823,MITCHAM AND MORDEN,London,0,0,0,0,0.0,0.0,0,0,0,0,0,0,0.0,0,0.0,0.0
E14000824,MOLE VALLEY,South East,0,0,0,0,0,0,0.0,0.0,0.0,0.0,0,0,0.0,0.0,0.0,0.0
W07000054,MONMOUTH,Wales,0,0,0,0,0.0,0.0,0.0,0.0,0.0,0.0,0,0,0.0,0.0,0.0,0.0
W07000063,MONTGOMERYSHIRE,Wales,0,0,0,0,0,0,0,0,0,0.0,0,0,0.0,0.0,0.0,0.0
S14000046,MORAY,Scotland,0,0,0,0,0,0,0.0,0.0,0.0,0.0,0,0,0.0,0.0,0.0,0.0
E14000825,MORECAMBE AND LUNESDALE,North West,0,0,0,0,0,0,0,0,0,0,0,0,0.0,0,0.0,0.0
E14000826,MORLEY AND OUTWOOD,Yorkshire and The Humber,0,0,0,0,0,0,0,0,0,0,0,0,0.0,0,0.0,0.0
S14000047,MOTHERWELL AND WISHAW,Scotland,0,0,0,0,0.0,0.0,0,0,0,0,0,0,0.0,0,0.0,0.0
S14000027,NA H-EILEANAN AN IAR,Scotland,0,0,0,0,0,0,0,0,0,0,0,0,0.0,0.0,0.0,0.0
W07000069,NEATH,Wales,0,0,0,0,0.0,0.0,0.0,0.0,0.0,0.0,0,0,0.0,0.0,0.0,0.0
E14000829,NEWARK,East Midlands,0,0,0,0,0.0,0.0,0.0,0.0,0.0,0.0,0,0,0.0,0.0,0.0,0.0
E14000830,NEWBURY,South East,0,0,0,0,0.0,0.0,0.0,0.0,0.0,0.0,0,0,0.0,0.0,0.0,0.0
E14000834,NEWCASTLE-UNDER-LYME,West Midlands,0,0,0,0,0,0,0,0,0,0.0,0,0,0.0,0.0,0.0,0.0
E14000831,NEWCASTLE UPON TYNE CENTRAL,North East,0,0,0,0,0,0,0.0,0.0,0.0,0.0,0,0,0.0,0.0,0.0,0.0
E14000832,NEWCASTLE UPON TYNE EAST,North East,0,0,0,0,0,0,0.0,0.0,0.0,0,0,0,0.0,0.0,0.0,0.0
E14000833,NEWCASTLE UPON TYNE NORTH,North East,0,0,0,0,0,0,0.0,0.0,0.0,0.0,0,0,0.0,0.0,0.0,0.0
E14000827,NEW FOREST EAST,South East,0,0,0,0,0,0,0,0,0,0.0,0,0,0.0,0.0,0.0,0.0
E14000828,NEW FOREST WEST,South East,0,0,0,0,0,0,0,0,0,0.0,0,0,0.0,0.0,0.0,0.0
W07000055,NEWPORT EAST,Wales,0,0,0,0,0,0,0.0,0.0,0.0,0.0,0,0,0.0,0.0,0.0,0.0
W07000056,NEWPORT WEST,Wales,0,0,0,0,0,0,0.0,0.0,0.0,0.0,0,0,0.0,0.0,0.0,0.0
N06000011,NEWRY AND ARMAGH,Northern Ireland,0,0,0,0,0,0,0.0,0.012703757557205174,0.4959295469243352,0,0,0,0.012136462833474368,0,0.02344202019447918,0.08292798203981962
E14000835,NEWTON ABBOT,South West,0,0,0,0,0,0,0,0,0,0,0,0,0.0,0.0,0.0,0.0
E14000836,"NORMANTON, PONTEFRACT AND CASTLEFORD",Yorkshire and The Humber,0,0,0,0,0,0,0,0,0,0,0,0,0.0,0,0.0,0.0
E14000861,NORTHAMPTON NORTH,East Midlands,0,0,0,0,0.0,0.0,0.0,0.0,0.0,0.0,0,0,0.0,0.0,0.0,0.0
E14000862,NORTHAMPTON SOUTH,East Midlands,0,0,0,0,0.0,0.0,0.0,0.0,0.0,0.0,0,0,0.0,0.0,0.0,0.0
N06000012,NORTH ANTRIM,Northern Ireland,0,0,0,0,0,0,0,0,0,0.06159875286883471,0,0,0.032266433945798055,0,0.05619067271976888,0.1414496833216045
S14000048,NORTH AYRSHIRE AND ARRAN,Scotland,0,0,0,0,0,0,0,0,0,0,0,0,0.0,0,0.0,0.0
E14000837,NORTH CORNWALL,South West,0,0,0,0,0.0,0.0,0,0,0,0.0,0,0,0.0,0,0.0,0.0
E14000838,NORTH DEVON,South West,0,0,0,0,0,0,0,0,0,0.0,0,0,0.0,0,0.0,0.0
E14000839,NORTH DORSET,South West,0,0,0,0,0,0.0,0,0,0,0.0,0,0,0.0,0,0.0,0.0
N06000013,NORTH DOWN,Northern Ireland,0,0,0,0,0,0,0,0,0,0.20664186453660138,0,0,0.05603177921806397,0,0.09286716855939772,0.4516890977536107
E14000840,NORTH DURHAM,North East,0,0,0,0,0,0,0,0,0,0.0,0,0,0.0,0,0.0,0.0
E14000841,NORTH EAST BEDFORDSHIRE,East,0,0,0,0,0,0,0,0,0,0.0,0,0,0.0,0,0.0,0.0
E14000842,NORTH EAST CAMBRIDGESHIRE,East,0,0,0,0,0,0,0,0,0,0.0,0,0,0.0,0,0.0,0.0
E14000843,NORTH EAST DERBYSHIRE,East Midlands,0,0,0,0,0.0,0.0,0,0,0,0.0,0,0,0.0,0,0.0,0.0
S14000049,NORTH EAST FIFE,Scotland,0,0,0,0,0,0,0,0,0,0.0,0,0,0.0,0,0.0,0.0
E14000844,NORTH EAST HAMPSHIRE,South East,0,0,0,0,0,0,0,0,0,0.0,0,0,0.0,0,0.0,0.0
E14000845,NORTH EAST HERTFORDSHIRE,East,0,0,0,0,0,0,0,0,0,0.0,0,0,0.0,0,0.0,0.0
E14000846,NORTH EAST SOMERSET,South West,0,0,0,0,0,0,0,0,0,0,0,0,0.0,0,0.0,0.0
E14000847,NORTH HEREFORDSHIRE,West Midlands,0,0,0,0,0,0,0,0,0,0,0,0,0.0,0,0.0,0.0
E14000848,NORTH NORFOLK,East,0,0,0,0,0.0,0.0,0,0,0,0.0,0,0,0.0,0,0.0,0.0
E14000849,NORTH SHROPSHIRE,West Midlands,0,0,0,0,0,0,0,0,0,0.0,0,0,0.0,0,0.0,0.0
E14000850,NORTH SOMERSET,South West,0,0,0,0,0.0,0.0,0,0,0,0,0,0,0.0,0,0.0,0.0
E14000851,NORTH SWINDON,South West,0,0,0,0,0,0,0,0,0,0.0,0,0,0.0,0,0.0,0.0
E14000852,NORTH THANET,South East,0,0,0,0,0,0,0,0,0,0.0,0,0,0.0,0,0.0,0.0
E14000853,NORTH TYNESIDE,North East,0,0,0,0,0,0,0,0,0,0.0,0,0,0.0,0,0.0,0.0
E14000854,NORTH WARWICKSHIRE,West Midlands,0,0,0,0,0,0,0,0,0,0.0,0,0,0.0,0,0.0,0.0
E14000855,NORTH WEST CAMBRIDGESHIRE,East,0,0,0,0,0,0,0,0,0,0.0,0,0,0.0,0,0.0,0.0
E14000856,NORTH WEST DURHAM,North East,0,0,0,0,0,0,0,0,0,0.0,0,0,0.0,0,0.0,0.0
E14000857,NORTH WEST HAMPSHIRE,South East,0,0,0,0,0,0,0,0,0,0,0,0,0.0,0,0.0,0.0
E14000858,NORTH WEST LEICESTERSHIRE,East Midlands,0,0,0,0,0,0,0,0,0,0.0,0,0,0.0,0,0.0,0.0
E14000859,NORTH WEST NORFOLK,East,0,0,0,0,0,0,0,0,0,0.0,0,0,0.0,0,0.0,0.0
E14000860,NORTH WILTSHIRE,South West,0,0,0,0,0,0,0,0,0,0.0,0,0,0.0,0,0.0,0.0
E14000863,NORWICH NORTH,East,0,0,0,0,0,0,0.0,0.0,0.0,0.0,0,0,0.0,0.0,0.0,0.0
E14000864,NORWICH SOUTH,East,0,0,0,0,0,0,0.0,0.0,0.0,0.0,0,0,0.0,0.0,0.0,0.0
E14000865,NOTTINGHAM EAST,East Midlands,0,0,0,0,0.0,0.0,0.0,0.0,0.0,0.0,0,0,0.0,0.0,0.0,0.0
E14000866,NOTTINGHAM NORTH,East Midlands,0,0,0,0,0,0,0.0,0.0,0.0,0.0,0,0,0.0,0.0,0.0,0.0
E14000867,NOTTINGHAM SOUTH,East Midlands,0,0,0,0,0,0,0.0,0.0,0.0,0.0,0,0,0.0,0.0,0.0,0.0
E14000868,NUNEATON,West Midlands,0,0,0,0,0.0,0.0,0.0,0.0,0.0,0.0,0,0,0.0,0.0,0.0,0.0
S14000050,OCHIL AND SOUTH PERTHSHIRE,Scotland,0,0,0,0,0,0,0,0,0,0,0,0,0.0,0,0.0,0.0
W07000074,OGMORE,Wales,0,0,0,0,0.0,0.0,0.0,0.0,0.0,0.0,0,0,0.0,0.0,0.0,0.0
E14000869,OLD BEXLEY AND SIDCUP,London,0,0,0,0,0,0,0,0,0,0,0,0,0.0,0,0.0,0.0
E14000870,OLDHAM EAST AND SADDLEWORTH,North West,0,0,0,0,0,0,0,0,0,0,0,0,0.0,0,0.0,0.0
E14000871,OLDHAM WEST AND ROYTON,North West,0,0,0,0,0,0,0,0,0,0,0,0,0.0,0,0.0,0.0
S14000051,ORKNEY AND SHETLAND,Scotland,0,0,0,0,0.0,0,0,0,0,0,0,0,0.0,0,0.0,0.0
E14000872,ORPINGTON,London,0,0,0,0,0.0,0.0,0.0,0.0,0.0,0.0,0,0,0.0,0.0,0.0,0.0
E14000873,OXFORD EAST,South East,0,0,0,0,0,0,0.0,0.0,0.0,0.0,0,0,0.0,0.0,0.0,0.0
E14000874,OXFORD WEST AND ABINGDON,South East,0,0,0,0,0,0,0,0,0,0,0,0,0.0,0,0.0,0.0
S14000052,PAISLEY AND RENFREWSHIRE NORTH,Scotland,0,0,0,0,0,0,0,0,0,0,0,0,0.0,0,0.0,0.0
S14000053,PAISLEY AND RENFREWSHIRE SOUTH,Scotland,0,0,0,0,0,0,0,0,0,0,0,0,0.0,0,0.0,0.0
E14000875,PENDLE,North West,0,0,0,0,0,0,0.0,0.0,0.0,0.0,0,0,0.0,0.0,0.0,0.0
E14000876,PENISTONE AND STOCKSBRIDGE,Yorkshire and The Humber,0,0,0,0,0,0,0,0,0,0,0,0,0.0,0,0.0,0.0
E14000877,PENRITH AND THE BORDER,North West,0,0,0,0,0,0,0,0,0,0,0,0,0.0,0,0.0,0.0
S14000054,PERTH AND NORTH PERTHSHIRE,Scotland,0,0,0,0,0,0,0,0,0,0,0,0,0.0,0,0.0,0.0
E14000878,PETERBOROUGH,East,0,0,0,0,0.0,0.0,0.0,0.0,0.0,0.0,0,0,0.0,0.0,0.0,0.0
E14000879,"PLYMOUTH, MOOR VIEW",South West,0,0,0,0,0,0,0,0,0,0,0,0,0.0,0,0.0,0.0
E14000880,"PLYMOUTH, SUTTON AND DEVONPORT",South West,0,0,0,0,0,0,0,0,0,0,0,0,0.0,0,0.0,0.0
W07000075,PONTYPRIDD,Wales,0,0,0,0,0.0,0.0,0.0,0.0,0.0,0.0,0,0,0.0,0.0,0.0,0.0
E14000881,POOLE,South West,0,0,0,0,0.0,0.0,0.0,0.0,0.0,0.0,0,0,0.0,0.0,0.0,0.0
E14000882,POPLAR AND LIMEHOUSE,London,0,0,0,0,0,0,0,0,0,0,0,0,0.0,0,0.0,0.0
E14000883,PORTSMOUTH NORTH,South East,0,0,0,0,0.0,0.0,0.0,0.0,0.0,0.0,0,0,0.0,0.0,0.0,0.0
E14000884,PORTSMOUTH SOUTH,South East,0,0,0,0,0,0,0.0,0.0,0.0,0.0,0,0,0.0,0.0,0.0,0.0
W07000065,PRESELI PEMBROKESHIRE,Wales,0,0,0,0,0,0,0,0,0,0.0,0,0,0.0,0.0,0.0,0.0
E14000885,PRESTON,North West,0,0,0,0,0,0,0.0,0.0,0.0,0.0,0,0,0.0,0.0,0.0,0.0
E14000886,PUDSEY,Yorkshire and The Humber,0,0,0,0,0.0,0.0,0.0,0.0,0.0,0.0,0,0,0.0,0.0,0.0,0.0
E14000887,PUTNEY,London,0,0,0,0,0,0,0.0,0.0,0.0,0.0,0,0,0.0,0.0,0.0,0.0
E14000888,RAYLEIGH AND WICKFORD,East,0,0,0,0,0,0,0,0,0,0,0,0,0.0,0,0.0,0.0
E14000889,READING EAST,South East,0,0,0,0,0,0,0.0,0.0,0.0,0.0,0,0,0.0,0.0,0.0,0.0
E14000890,READING WEST,South East,0,0,0,0,0,0,0.0,0.0,0.0,0.0,0,0,0.0,0.0,0.0,0.0
E14000891,REDCAR,North East,0,0,0,0,0.0,0.0,0.0,0.0,0.0,0.0,0,0,0.0,0.0,0.0,0.0
E14000892,REDDITCH,West Midlands,0,0,0,0,0,0,0,0,0,0.0,0,0,0.0,0.0,0.0,0.0
E14000893,REIGATE,South East,0,0,0,0,0.0,0.0,0.0,0.0,0.0,0.0,0,0,0.0,0.0,0.0,0.0
W07000052,RHONDDA,Wales,0,0,0,0,0.0,0.0,0.0,0.0,0.0,0.0,0,0,0.0,0.0,0.0,0.0
E14000894,RIBBLE VALLEY,North West,0,0,0,0,0,0,0.0,0.0,0.0,0.0,0,0,0.0,0.0,0.0,0.0
E14000896,RICHMOND PARK,London,0,0,0,0,0,0,0,0,0,0.0,0,0,0.0,0.0,0.0,0.0
E14000895,RICHMOND (YORKS),Yorkshire and The Humber,0,0,0,0,0,0,0.0,0.0,0.0,0,0,0,0.0,0.0,0.0,0.0
E14000897,ROCHDALE,North West,0,0,0,0,0.0,0.0,0.0,0.0,0.0,0.0,0,0,0.0,0.0,0.0,0.0
E14000898,ROCHESTER AND STROOD,South East,0,0,0,0,0,0,0,0,0,0,0,0,0.0,0,0.0,0.0
E14000899,ROCHFORD AND SOUTHEND EAST,East,0,0,0,0,0,0,0,0,0,0,0,0,0.0,0,0.0,0.0
E14000900,ROMFORD,London,0,0,0,0,0.0,0.0,0.0,0.0,0.0,0.0,0,0,0.0,0.0,0.0,0.0
E14000901,ROMSEY AND SOUTHAMPTON NORTH,South East,0,0,0,0,0,0,0,0,0,0,0,0,0.0,0,0.0,0.0
E14000902,ROSSENDALE AND DARWEN,North West,0,0,0,0,0,0,0,0,0,0,0,0,0.0,0,0.0,0.0
S14000055,"ROSS, SKYE AND LOCHABER",Scotland,0,0,0,0,0,0,0,0,0,0,0,0,0.0,0,0.0,0.0
E14000904,ROTHERHAM,Yorkshire and The Humber,0,0,0,0,0.0,0.0,0.0,0.0,0.0,0.0,0,0,0.0,0.0,0.0,0.0
E14000903,ROTHER VALLEY,Yorkshire and The Humber,0,0,0,0,0.0,0.0,0.0,0.0,0.0,0.0,0,0,0.0,0.0,0.0,0.0
E14000905,RUGBY,West Midlands,0,0,0,0,0.0,0.0,0,0,0,0,0,0,0.0,0.0,0.0,0.0
E14000906,"RUISLIP, NORTHWOOD AND PINNER",London,0,0,0,0,0,0,0,0,0,0,0,0,0.0,0,0.0,0.0
E14000907,RUNNYMEDE AND WEYBRIDGE,South East,0,0,0,0,0,0,0,0,0,0,0,0,0.0,0,0.0,0.0
E14000908,RUSHCLIFFE,East Midlands,0,0,0,0,0.0,0.0,0.0,0.0,0.0,0.0,0,0,0.0,0.0,0.0,0.0
S14000056,RUTHERGLEN AND HAMILTON WEST,Scotland,0,0,0,0,0,0,0,0,0,0,0,0,0.0,0,0.0,0.0
E14000909,RUTLAND AND MELTON,East Midlands,0,0,0,0,0,0,0,0,0,0,0,0,0.0,0,0.0,0.0
E14000910,SAFFRON WALDEN,East,0,0,0,0,0,0,0.0,0.0,0.0,0.0,0,0,0.0,0.0,0.0,0.0
E14000911,SALFORD AND ECCLES,North West,0,0,0,0,0,0,0,0,0,0,0,0,0.0,0,0.0,0.0
E14000912,SALISBURY,South West,0,0,0,0,0.0,0.0,0.0,0.0,0.0,0.0,0,0,0.0,0.0,0.0,0.0
E14000913,SCARBOROUGH AND WHITBY,Yorkshire and The Humber,0,0,0,0,0.0,0.0,0,0,0,0,0,0,0.0,0,0.0,0.0
E14000914,SCUNTHORPE,Yorkshire and The Humber,0,0,0,0,0,0,0,0,0,0.0,0,0,0.0,0.0,0.0,0.0
E14000915,SEDGEFIELD,North East,0,0,0,0,0,0,0.0,0.0,0.0,0.0,0,0,0.0,0.0,0.0,0.0
E14000916,SEFTON CENTRAL,North West,0,0,0,0,0,0,0,0,0,0,0,0,0.0,0.0,0.0,0.0
E14000917,SELBY AND AINSTY,Yorkshire and The Humber,0,0,0,0,0,0,0,0,0,0,0,0,0.0,0,0.0,0.0
E14000918,SEVENOAKS,South East,0,0,0,0,0.0,0.0,0.0,0.0,0.0,0.0,0,0,0.0,0.0,0.0,0.0
E14000921,"SHEFFIELD, BRIGHTSIDE AND HILLSBOROUGH",Yorkshire and The Humber,0,0,0,0,0,0,0,0,0,0,0,0,0.0,0,0.0,0.0
E14000919,SHEFFIELD CENTRAL,Yorkshire and The Humber,0,0,0,0,0,0,0.0,0.0,0.0,0.0,0,0,0.0,0.0,0.0,0.0
E14000922,"SHEFFIELD, HALLAM",Yorkshire and The Humber,0,0,0,0,0,0,0,0,0,0.0,0,0,0.0,0,0.0,0.0
E14000923,"SHEFFIELD, HEELEY",Yorkshire and The Humber,0,0,0,0,0,0,0,0,0,0.0,0,0,0.0,0,0.0,0.0
E14000920,SHEFFIELD SOUTH EAST,Yorkshire and The Humber,0,0,0,0,0,0,0,0,0,0,0,0,0.0,0.0,0.0,0.0
E14000924,SHERWOOD,East Midlands,0,0,0,0,0,0,0.0,0.0,0.0,0.0,0,0,0.0,0.0,0.0,0.0
E14000925,SHIPLEY,Yorkshire and The Humber,0,0,0,0,0.0,0.0,0.0,0.0,0.0,0.0,0,0,0.0,0.0,0.0,0.0
E14000926,SHREWSBURY AND ATCHAM,West Midlands,0,0,0,0,0,0,0,0,0,0,0,0,0.0,0,0.0,0.0
E14000927,SITTINGBOURNE AND SHEPPEY,South East,0,0,0,0,0,0,0,0,0,0,0,0,0.0,0,0.0,0.0
E14000928,SKIPTON AND RIPON,Yorkshire and The Humber,0,0,0,0,0,0,0,0,0,0,0,0,0.0,0,0.0,0.0
E14000929,SLEAFORD AND NORTH HYKEHAM,East Midlands,0,0,0,0,0,0,0,0,0,0,0,0,0.0,0,0.0,0.0
E14000930,SLOUGH,South East,0,0,0,0,0,0,0.0,0.0,0.0,0.0,0,0,0.0,0.0,0.0,0.0
E14000931,SOLIHULL,West Midlands,0,0,0,0,0.0,0.0,0.0,0.0,0.0,0.0,0,0,0.0,0.0,0.0,0.0
E14000932,SOMERTON AND FROME,South West,0,0,0,0,0,0,0,0,0,0,0,0,0.0,0,0.0,0.0
E14000955,"SOUTHAMPTON, ITCHEN",South East,0,0,0,0,0,0,0,0,0,0.0,0,0,0.0,0,0.0,0.0
E14000956,"SOUTHAMPTON, TEST",South East,0,0,0,0,0,0,0,0,0,0.0,0,0,0.0,0,0.0,0.0
N06000014,SOUTH ANTRIM,Northern Ireland,0,0,0,0,0,0,0,0,0,0.11613384749346933,0,0,0.07665617924667,0,0.07419504285383369,0.19058035090985248
E14000933,SOUTH BASILDON AND EAST THURROCK,East,0,0,0,0,0,0,0,0,0,0,0,0,0.0,0,0.0,0.0
E14000934,SOUTH CAMBRIDGESHIRE,East,0,0,0,0,0,0,0,0,0,0.0,0,0,0.0,0,0.0,0.0
E14000935,SOUTH DERBYSHIRE,East Midlands,0,0,0,0,0,0,0,0,0,0.0,0,0,0.0,0,0.0,0.0
E14000936,SOUTH DORSET,South West,0,0,0,0,0.0,0.0,0,0,0,0.0,0,0,0.0,0,0.0,0.0
N06000015,SOUTH DOWN,Northern Ireland,0,0,0,0,0,0,0,0,0,0.03457543547670048,0,0,0.013148935171053559,0,0.035643408720256224,0.13898155218841687
E14000937,SOUTH EAST CAMBRIDGESHIRE,East,0,0,0,0,0,0,0,0,0,0.0,0,0,0.0,0,0.0,0.0
E14000938,SOUTH EAST CORNWALL,South West,0,0,0,0,0,0,0,0,0,0.0,0,0,0.0,0,0.0,0.0
E14000957,SOUTHEND WEST,East,0,0,0,0,0.0,0.0,0.0,0.0,0.0,0.0,0,0,0.0,0.0,0.0,0.0
E14000939,SOUTH HOLLAND AND THE DEEPINGS,East Midlands,0,0,0,0,0,0,0,0,0,0,0,0,0.0,0,0.0,0.0
E14000940,SOUTH LEICESTERSHIRE,East Midlands,0,0,0,0,0,0,0,0,0,0,0,0,0.0,0,0.0,0.0
E14000941,SOUTH NORFOLK,East,0,0,0,0,0.0,0.0,0,0,0,0.0,0,0,0.0,0,0.0,0.0
E14000942,SOUTH NORTHAMPTONSHIRE,East Midlands,0,0,0,0,0,0,0,0,0,0,0,0,0.0,0,0.0,0.0
E14000958,SOUTHPORT,North West,0,0,0,0,0.0,0.0,0.0,0.0,0.0,0.0,0,0,0.0,0.0,0.0,0.0
E14000943,SOUTH RIBBLE,North West,0,0,0,0,0,0,0.0,0.0,0.0,0.0,0,0,0.0,0.0,0.0,0.0
E14000944,SOUTH SHIELDS,North East,0,0,0,0,0.0,0.0,0.0,0.0,0.0,0.0,0,0,0.0,0.0,0.0,0.0
E14000945,SOUTH STAFFORDSHIRE,West Midlands,0,0,0,0,0,0,0,0,0,0.0,0,0,0.0,0,0.0,0.0
E14000946,SOUTH SUFFOLK,East,0,0,0,0,0,0,0,0,0,0.0,0,0,0.0,0,0.0,0.0
E14000947,SOUTH SWINDON,South West,0,0,0,0,0,0,0,0,0,0.0,0,0,0.0,0,0.0,0.0
E14000948,SOUTH THANET,South East,0,0,0,0,0,0,0,0,0,0.0,0,0,0.0,0,0.0,0.0
E14000949,SOUTH WEST BEDFORDSHIRE,East,0,0,0,0,0,0,0,0,0,0.0,0,0,0.0,0,0.0,0.0
E14000950,SOUTH WEST DEVON,South West,0,0,0,0,0,0,0,0,0,0.0,0,0,0.0,0,0.0,0.0
E14000951,SOUTH WEST HERTFORDSHIRE,East,0,0,0,0,0.0,0.0,0,0,0,0.0,0,0,0.0,0,0.0,0.0
E14000952,SOUTH WEST NORFOLK,East,0,0,0,0,0.0,0.0,0,0,0,0.0,0,0,0.0,0,0.0,0.0
E14000953,SOUTH WEST SURREY,South East,0,0,0,0,0,0,0,0,0,0.0,0,0,0.0,0,0.0,0.0
E14000954,SOUTH WEST WILTSHIRE,South West,0,0,0,0,0,0,0,0,0,0,0,0,0.0,0,0.0,0.0
E14000959,SPELTHORNE,South East,0,0,0,0,0.0,0.0,0.0,0.0,0.0,0.0,0,0,0.0,0.0,0.0,0.0
E14000965,STAFFORD,West Midlands,0,0,0,0,0,0,0.0,0.0,0.0,0.0,0,0,0.0,0.0,0.0,0.0
E14000966,STAFFORDSHIRE MOORLANDS,West Midlands,0,0,0,0,0,0,0.0,0.0,0.0,0.0,0,0,0.0,0.0,0.0,0.0
E14000960,ST ALBANS,East,0,0,0,0,0,0,0.0,0.0,0.0,0.0,0,0,0.0,0.0,0.0,0.0
E14000967,STALYBRIDGE AND HYDE,North West,0,0,0,0,0.0,0.0,0,0,0,0,0,0,0.0,0,0.0,0.0
E14000961,ST AUSTELL AND NEWQUAY,South West,0,0,0,0,0,0,0,0,0,0,0,0,0.0,0,0.0,0.0
E14000968,STEVENAGE,East,0,0,0,0,0,0,0,0,0,0.0,0,0,0.0,0.0,0.0,0.0
E14000962,ST HELENS NORTH,North West,0,0,0,0,0,0,0.0,0.0,0.0,0.0,0,0,0.0,0.0,0.0,0.0
E14000963,ST HELENS SOUTH AND WHISTON,North West,0,0,0,0,0,0,0,0,0,0,0,0,0.0,0,0.0,0.0
S14000057,STIRLING,Scotland,0,0,0,0,0,0,0.0,0.0,0.0,0.0,0,0,0.0,0.0,0.0,0.0
E14000964,ST IVES,South West,0,0,0,0,0,0,0.0,0.0,0.0,0.0,0,0,0.0,0.0,0.0,0.0
E14000969,STOCKPORT,North West,0,0,0,0,0,0,0.0,0.0,0.0,0.0,0,0,0.0,0.0,0.0,0.0
E14000970,STOCKTON NORTH,North East,0,0,0,0,0,0,0.0,0.0,0.0,0.0,0,0,0.0,0.0,0.0,0.0
E14000971,STOCKTON SOUTH,North East,0,0,0,0,0,0,0.0,0.0,0.0,0.0,0,0,0.0,0.0,0.0,0.0
E14000972,STOKE-ON-TRENT CENTRAL,West Midlands,0,0,0,0,0,0,0.0,0.0,0.0,0.0,0,0,0.0,0.0,0.0,0.0
E14000973,STOKE-ON-TRENT NORTH,West Midlands,0,0,0,0,0,0,0.0,0.0,0.0,0.0,0,0,0.0,0.0,0.0,0.0
E14000974,STOKE-ON-TRENT SOUTH,West Midlands,0,0,0,0,0,0,0.0,0.0,0.0,0.0,0,0,0.0,0.0,0.0,0.0
E14000975,STONE,West Midlands,0,0,0,0,0,0,0,0,0,0.0,0,0,0.0,0.0,0.0,0.0
E14000976,STOURBRIDGE,West Midlands,0,0,0,0,0,0,0,0,0,0.0,0,0,0.0,0.0,0.0,0.0
N06000016,STRANGFORD,Northern Ireland,0,0,0,0,0,0,0.1577615298087739,0.20338207178824352,0.0,0.1313582738653019,0,0,0.08700199969235502,0.13816177337578117,0.1469199205140778,0.28368680805655594
E14000977,STRATFORD-ON-AVON,West Midlands,0,0,0,0,0,0,0.0,0.0,0.0,0.0,0,0,0.0,0.0,0.0,0.0
E14000978,STREATHAM,London,0,0,0,0,0,0,0.0,0.0,0.0,0.0,0,0,0.0,0.0,0.0,0.0
E14000979,STRETFORD AND URMSTON,North West,0,0,0,0,0,0,0,0,0,0,0,0,0.0,0,0.0,0.0
E14000980,STROUD,South West,0,0,0,0,0.0,0.0,0.0,0.0,0.0,0.0,0,0,0.0,0.0,0.0,0.0
E14000981,SUFFOLK COASTAL,East,0,0,0,0,0,0,0.0,0.0,0.0,0.0,0,0,0.0,0.0,0.0,0.0
E14000982,SUNDERLAND CENTRAL,North East,0,0,0,0,0,0,0,0,0,0,0,0,0.0,0.0,0.0,0.0
E14000983,SURREY HEATH,South East,0,0,0,0,0,0,0,0,0,0.0,0,0,0.0,0.0,0.0,0.0
E14000984,SUTTON AND CHEAM,London,0,0,0,0,0.0,0.0,0,0,0,0,0,0,0.0,0,0.0,0.0
E14000985,SUTTON COLDFIELD,West Midlands,0,0,0,0,0.0,0.0,0.0,0.0,0.0,0.0,0,0,0.0,0.0,0.0,0.0
W07000048,SWANSEA EAST,Wales,0,0,0,0,0,0,0.0,0.0,0.0,0.0,0,0,0.0,0.0,0.0,0.0
W07000047,SWANSEA WEST,Wales,0,0,0,0,0,0,0.0,0.0,0.0,0.0,0,0,0.0,0.0,0.0,0.0
E14000986,TAMWORTH,West Midlands,0,0,0,0,0,0,0,0,0,0.0,0,0,0.0,0.0,0.0,0.0
E14000987,TATTON,North West,0,0,0,0,0,0,0.0,0.0,0.0,0.0,0,0,0.0,0.0,0.0,0.0
E14000988,TAUNTON DEANE,South West,0,0,0,0,0,0,0,0,0,0,0,0,0.0,0.0,0.0,0.0
E14000989,TELFORD,West Midlands,0,0,0,0,0,0,0,0,0,0.0,0,0,0.0,0.0,0.0,0.0
E14000990,TEWKESBURY,South West,0,0,0,0,0,0,0,0,0,0.0,0,0,0.0,0.0,0.0,0.0
E14000991,THE COTSWOLDS,South West,0,0,0,0,0,0,0,0,0,0,0,0,0.0,0,0.0,0.0
E14000992,THE WREKIN,West Midlands,0,0,0,0,0.0,0.0,0,0,0,0,0,0,0.0,0,0.0,0.0
E14000993,THIRSK AND MALTON,Yorkshire and The Humber,0,0,0,0,0.0,0.0,0,0,0,0,0,0,0.0,0,0.0,0.0
E14000994,THORNBURY AND YATE,South West,0,0,0,0,0,0,0,0,0,0,0,0,0.0,0,0.0,0.0
E14000995,THURROCK,East,0,0,0,0,0.0,0.0,0.0,0.0,0.0,0.0,0,0,0.0,0.0,0.0,0.0
E14000996,TIVERTON AND HONITON,South West,0,0,0,0,0,0,0,0,0,0,0,0,0.0,0,0.0,0.0
E14000997,TONBRIDGE AND MALLING,South East,0,0,0,0,0,0,0,0,0,0,0,0,0.0,0,0.0,0.0
E14000998,TOOTING,London,0,0,0,0,0.0,0.0,0.0,0.0,0.0,0.0,0,0,0.0,0.0,0.0,0.0
E14000999,TORBAY,South West,0,0,0,0,0.0,0.0,0.0,0.0,0.0,0.0,0,0,0.0,0.0,0.0,0.0
W07000053,TORFAEN,Wales,0,0,0,0,0,0,0.0,0.0,0.0,0.0,0,0,0.0,0.0,0.0,0.0
E14001000,TORRIDGE AND WEST DEVON,South West,0,0,0,0,0,0,0,0,0,0,0,0,0.0,0,0.0,0.0
E14001001,TOTNES,South West,0,0,0,0,0.0,0.0,0,0,0,0.0,0,0,0.0,0.0,0.0,0.0
E14001002,TOTTENHAM,London,0,0,0,0,0.0,0.0,0.0,0.0,0.0,0.0,0,0,0.0,0.0,0.0,0.0
E14001003,TRURO AND FALMOUTH,South West,0,0,0,0,0,0,0,0,0,0,0,0,0.0,0,0.0,0.0
E14001004,TUNBRIDGE WELLS,South East,0,0,0,0,0.0,0.0,0.0,0.0,0.0,0.0,0,0,0.0,0.0,0.0,0.0
E14001005,TWICKENHAM,London,0,0,0,0,0.0,0.0,0.0,0.0,0.0,0.0,0,0,0.0,0.0,0.0,0.0
E14001006,TYNEMOUTH,North East,0,0,0,0,0.0,0.0,0.0,0.0,0.0,0.0,0,0,0.0,0.0,0.0,0.0
N06000017,UPPER BANN,Northern Ireland,0,0,0,0,0,0,0,0,0,0.06313432523489652,0,0,0.029746514269144333,0.03769668989178085,0.04524171836591361,0.1285443101208912
E14001007,UXBRIDGE AND SOUTH RUISLIP,London,0,0,0,0,0,0,0,0,0,0,0,0,0.0,0,0.0,0.0
W07000060,VALE OF CLWYD,Wales,0,0,0,0,0,0,0,0,0,0.0,0,0,0.0,0.0,0.0,0.0
W07000078,VALE OF GLAMORGAN,Wales,0,0,0,0,0,0,0.0,0.0,0.0,0.0,0,0,0.0,0.0,0.0,0.0
E14001008,VAUXHALL,London,0,0,0,0,0,0,0.0,0.0,0.0,0.0,0,0,0.0,0.0,0.0,0.0
E14001009,WAKEFIELD,Yorkshire and The Humber,0,0,0,0,0.0,0.0,0.0,0.0,0.0,0.0,0,0,0.0,0.0,0.0,0.0
E14001010,WALLASEY,North West,0,0,0,0,0.0,0.0,0.0,0.0,0.0,0.0,0,0,0.0,0.0,0.0,0.0
E14001011,WALSALL NORTH,West Midlands,0,0,0,0,0,0,0.0,0.0,0.0,0.0,0,0,0.0,0.0,0.0,0.0
E14001012,WALSALL SOUTH,West Midlands,0,0,0,0,0,0,0.0,0.0,0.0,0.0,0,0,0.0,0.0,0.0,0.0
E14001013,WALTHAMSTOW,London,0,0,0,0,0.0,0.0,0.0,0.0,0.0,0.0,0,0,0.0,0.0,0.0,0.0
E14001014,WANSBECK,North East,0,0,0,0,0,0,0.0,0.0,0.0,0.0,0,0,0.0,0.0,0.0,0.0
E14001015,WANTAGE,South East,0,0,0,0,0,0,0.0,0.0,0.0,0.0,0,0,0.0,0.0,0.0,0.0
E14001016,WARLEY,West Midlands,0,0,0,0,0,0,0,0,0,0.0,0,0,0.0,0.0,0.0,0.0
E14001017,WARRINGTON NORTH,North West,0,0,0,0,0,0,0.0,0.0,0.0,0.0,0,0,0.0,0.0,0.0,0.0
E14001018,WARRINGTON SOUTH,North West,0,0,0,0,0,0,0.0,0.0,0.0,0.0,0,0,0.0,0.0,0.0,0.0
E14001019,WARWICK AND LEAMINGTON,West Midlands,0,0,0,0,0.0,0.0,0,0,0,0,0,0,0.0,0,0.0,0.0
E14001020,WASHINGTON AND SUNDERLAND WEST,North East,0,0,0,0,0,0,0,0,0,0,0,0,0.0,0,0.0,0.0
E14001021,WATFORD,East,0,0,0,0,0.0,0.0,0.0,0.0,0.0,0.0,0,0,0.0,0.0,0.0,0.0
E14001022,WAVENEY,East,0,0,0,0,0,0,0.0,0.0,0.0,0.0,0,0,0.0,0.0,0.0,0.0
E14001023,WEALDEN,South East,0,0,0,0,0,0,0.0,0.0,0.0,0.0,0,0,0.0,0.0,0.0,0.0
E14001024,WEAVER VALE,North West,0,0,0,0,0,0,0,0,0,0.0,0,0,0.0,0.0,0.0,0.0
E14001025,WELLINGBOROUGH,East Midlands,0,0,0,0,0.0,0.0,0.0,0.0,0.0,0.0,0,0,0.0,0.0,0.0,0.0
E14001026,WELLS,South West,0,0,0,0,0.0,0.0,0.0,0.0,0.0,0.0,0,0,0.0,0.0,0.0,0.0
E14001027,WELWYN HATFIELD,East,0,0,0,0,0,0,0.0,0.0,0.0,0.0,0,0,0.0,0.0,0.0,0.0
E14001028,WENTWORTH AND DEARNE,Yorkshire and The Humber,0,0,0,0,0,0,0,0,0,0,0,0,0.0,0,0.0,0.0
S14000058,WEST ABERDEENSHIRE AND KINCARDINE,Scotland,0,0,0,0,0,0,0,0,0,0,0,0,0.0,0,0.0,0.0
E14001029,WEST BROMWICH EAST,West Midlands,0,0,0,0,0.0,0.0,0.0,0.0,0.0,0.0,0,0,0.0,0.0,0.0,0.0
E14001030,WEST BROMWICH WEST,West Midlands,0,0,0,0,0.0,0.0,0.0,0.0,0.0,0.0,0,0,0.0,0.0,0.0,0.0
E14001031,WEST DORSET,South West,0,0,0,0,0,0,0,0,0,0.0,0,0,0.0,0,0.0,0.0
S14000059,WEST DUNBARTONSHIRE,Scotland,0,0,0,0,0,0,0,0,0,0,0,0,0.0,0,0.0,0.0
E14001032,WEST HAM,London,0,0,0,0,0,0,0,0,0,0.0,0,0,0.0,0.0,0.0,0.0
E14001033,WEST LANCASHIRE,North West,0,0,0,0,0,0,0,0,0,0.0,0,0,0.0,0,0.0,0.0
E14001036,WESTMINSTER NORTH,London,0,0,0,0,0,0,0.0,0.0,0.0,0,0,0,0.0,0.0,0.0,0.0
E14001037,WESTMORLAND AND LONSDALE,North West,0,0,0,0,0,0,0,0,0,0,0,0,0.0,0,0.0,0.0
E14001038,WESTON-SUPER-MARE,South West,0,0,0,0,0,0,0.0,0.0,0.0,0.0,0,0,0.0,0.0,0.0,0.0
E14001034,WEST SUFFOLK,East,0,0,0,0,0,0,0,0,0,0.0,0,0,0.0,0,0.0,0.0
N06000018,WEST TYRONE,Northern Ireland,0,0,0,0,0,0,0,0,0,0.017914640734737978,0,0,0.023044936284372906,0,0.02299590672860231,0.09661049871315495
E14001035,WEST WORCESTERSHIRE,West Midlands,0,0,0,0,0,0,0,0,0,0.0,0,0,0.0,0,0.0,0.0
E14001039,WIGAN,North West,0,0,0,0,0.0,0.0,0.0,0.0,0.0,0.0,0,0,0.0,0.0,0.0,0.0
E14001040,WIMBLEDON,London,0,0,0,0,0.0,0.0,0.0,0.0,0.0,0.0,0,0,0.0,0.0,0.0,0.0
E14001041,WINCHESTER,South East,0,0,0,0,0.0,0.0,0.0,0.0,0.0,0.0,0,0,0.0,0.0,0.0,0.0
E14001042,WINDSOR,South East,0,0,0,0,0,0,0,0,0,0.0,0,0,0.0,0.0,0.0,0.0
E14001043,WIRRAL SOUTH,North West,0,0,0,0,0,0,0.0,0.0,0.0,0.0,0,0,0.0,0.0,0.0,0.0
E14001044,WIRRAL WEST,North West,0,0,0,0,0,0,0.0,0.0,0.0,0.0,0,0,0.0,0.0,0.0,0.0
E14001045,WITHAM,East,0,0,0,0,0,0,0,0,0,0,0,0,0.0,0.0,0.0,0.0
E14001046,WITNEY,South East,0,0,0,0,0,0,0.0,0.0,0.0,0.0,0,0,0.0,0.0,0.0,0.0
E14001047,WOKING,South East,0,0,0,0,0.0,0.0,0.0,0.0,0.0,0.0,0,0,0.0,0.0,0.0,0.0
E14001048,WOKINGHAM,South East,0,0,0,0,0.0,0.0,0.0,0.0,0.0,0.0,0,0,0.0,0.0,0.0,0.0
E14001049,WOLVERHAMPTON NORTH EAST,West Midlands,0,0,0,0,0,0,0.0,0.0,0.0,0.0,0,0,0.0,0.0,0.0,0.0
E14001050,WOLVERHAMPTON SOUTH EAST,West Midlands,0,0,0,0,0,0,0.0,0.0,0.0,0.0,0,0,0.0,0.0,0.0,0.0
E14001051,WOLVERHAMPTON SOUTH WEST,West Midlands,0,0,0,0,0,0,0.0,0.0,0.0,0.0,0,0,0.0,0.0,0.0,0.0
E14001052,WORCESTER,West Midlands,0,0,0,0,0.0,0.0,0.0,0.0,0.0,0.0,0,0,0.0,0.0,0.0,0.0
E14001053,WORKINGTON,North West,0,0,0,0,0.0,0.0,0.0,0.0,0.0,0.0,0,0,0.0,0.0,0.0,0.0
E14001054,WORSLEY AND ECCLES SOUTH,North West,0,0,0,0,0,0,0,0,0,0,0,0,0.0,0,0.0,0.0
E14001055,WORTHING WEST,South East,0,0,0,0,0,0,0,0,0,0.0,0,0,0.0,0.0,0.0,0.0
W07000044,WREXHAM,Wales,0,0,0,0,0.0,0.0,0.0,0.0,0.0,0.0,0,0,0.0,0.0,0.0,0.0
E14001056,WYCOMBE,South East,0,0,0,0,0.0,0.0,0.0,0.0,0.0,0.0,0,0,0.0,0.0,0.0,0.0
E14001057,WYRE AND PRESTON NORTH,North West,0,0,0,0,0,0,0,0,0,0,0,0,0.0,0,0.0,0.0
E14001058,WYRE FOREST,West Midlands,0,0,0,0,0,0,0.0,0.0,0.0,0.0,0,0,0.0,0.0,0.0,0.0
E14001059,WYTHENSHAWE AND SALE EAST,North West,0,0,0,0,0,0,0,0,0,0,0,0,0.0,0,0.0,0.0
E14001060,YEOVIL,South West,0,0,0,0,0.0,0.0,0.0,0.0,0.0,0,0,0,0.0,0.0,0.0,0.0
W07000041,YNYS MON,Wales,0,0,0,0,0,0,0.0,0.0,0.0,0,0,0,0.0,0.0,0.0,0.0
E14001061,YORK CENTRAL,Yorkshire and The Humber,0,0,0,0,0,0,0,0,0,0,0,0,0.0,0.0,0.0,0.0
E14001062,YORK OUTER,Yorkshire and The Humber,0,0,0,0,0,0,0,0,0,0,0,0,0.0,0.0,0.0,0
